-- phpMyAdmin SQL Dump
-- version 4.2.7.1
-- http://www.phpmyadmin.net
--
-- Host: 127.0.0.1
-- Generation Time: 26 Feb 2015 pada 01.53
-- Versi Server: 5.6.20
-- PHP Version: 5.5.15

SET SQL_MODE = "NO_AUTO_VALUE_ON_ZERO";
SET time_zone = "+00:00";


/*!40101 SET @OLD_CHARACTER_SET_CLIENT=@@CHARACTER_SET_CLIENT */;
/*!40101 SET @OLD_CHARACTER_SET_RESULTS=@@CHARACTER_SET_RESULTS */;
/*!40101 SET @OLD_COLLATION_CONNECTION=@@COLLATION_CONNECTION */;
/*!40101 SET NAMES utf8 */;

--
-- Database: `db_adadokter`
--

-- --------------------------------------------------------

--
-- Struktur dari tabel `admin`
--

CREATE TABLE IF NOT EXISTS `admin` (
  `id` int(11) NOT NULL,
  `username` varchar(255) NOT NULL,
  `password` varchar(255) NOT NULL
) ENGINE=MyISAM DEFAULT CHARSET=latin1;

--
-- Dumping data untuk tabel `admin`
--

INSERT INTO `admin` (`id`, `username`, `password`) VALUES
(1, 'dumadmin', 'mike');

-- --------------------------------------------------------

--
-- Struktur dari tabel `appointment_status`
--

CREATE TABLE IF NOT EXISTS `appointment_status` (
`id` int(11) NOT NULL,
  `status` int(255) NOT NULL DEFAULT '0' COMMENT '0 - not selected, 1 - confirmed, 2 - canceled'
) ENGINE=MyISAM  DEFAULT CHARSET=latin1 AUTO_INCREMENT=1806 ;

--
-- Dumping data untuk tabel `appointment_status`
--

INSERT INTO `appointment_status` (`id`, `status`) VALUES
(10, 0),
(11, 0),
(12, 0),
(13, 1),
(14, 2),
(15, 0),
(16, 0),
(17, 0),
(18, 0),
(19, 0),
(20, 0),
(21, 0),
(22, 1),
(23, 0),
(24, 0),
(25, 1),
(26, 0),
(27, 0),
(28, 0),
(29, 0),
(30, 0),
(31, 0),
(295, 2),
(311, 1),
(310, 2),
(38, 0),
(39, 0),
(40, 1),
(134, 1),
(42, 2),
(133, 0),
(44, 2),
(132, 0),
(131, 1),
(130, 0),
(129, 1),
(303, 1),
(128, 1),
(58, 1),
(84, 1),
(302, 1),
(301, 1),
(83, 1),
(127, 0),
(126, 0),
(59, 0),
(60, 0),
(61, 0),
(62, 0),
(64, 0),
(125, 0),
(82, 0),
(81, 1),
(300, 0),
(69, 1),
(70, 1),
(71, 1),
(297, 1),
(73, 2),
(74, 1),
(79, 0),
(124, 0),
(296, 1),
(85, 1),
(86, 2),
(87, 0),
(93, 1),
(351, 1),
(90, 0),
(91, 0),
(92, 0),
(94, 0),
(95, 0),
(96, 1),
(97, 1),
(98, 1),
(99, 0),
(100, 2),
(101, 2),
(102, 1),
(103, 1),
(104, 1),
(105, 1),
(106, 1),
(107, 2),
(108, 2),
(109, 1),
(110, 2),
(111, 0),
(112, 0),
(113, 0),
(114, 0),
(115, 0),
(116, 0),
(117, 1),
(118, 1),
(119, 1),
(120, 1),
(121, 1),
(122, 1),
(123, 2),
(299, 1),
(137, 1),
(138, 0),
(139, 1),
(140, 0),
(141, 0),
(142, 0),
(143, 0),
(144, 0),
(145, 0),
(146, 0),
(147, 0),
(148, 0),
(149, 0),
(150, 0),
(294, 1),
(152, 2),
(153, 1),
(1651, 0),
(1650, 2),
(290, 1),
(298, 1),
(159, 1),
(160, 2),
(161, 1),
(162, 1),
(163, 1),
(164, 1),
(165, 1),
(166, 1),
(167, 2),
(168, 0),
(169, 1),
(170, 2),
(171, 1),
(172, 0),
(173, 0),
(174, 0),
(175, 1),
(176, 1),
(177, 1),
(178, 1),
(289, 1),
(181, 0),
(182, 1),
(183, 2),
(184, 1),
(185, 0),
(186, 1),
(187, 0),
(188, 0),
(189, 0),
(190, 1),
(191, 0),
(192, 1),
(193, 0),
(194, 1),
(195, 1),
(288, 2),
(197, 0),
(198, 1),
(199, 1),
(200, 2),
(201, 1),
(202, 1),
(203, 2),
(204, 0),
(205, 0),
(206, 2),
(207, 0),
(208, 1),
(209, 1),
(210, 0),
(287, 2),
(212, 1),
(213, 0),
(214, 1),
(215, 1),
(216, 2),
(218, 1),
(219, 1),
(220, 1),
(221, 1),
(802, 0),
(286, 1),
(224, 1),
(225, 0),
(227, 1),
(285, 2),
(229, 1),
(308, 1),
(309, 2),
(279, 2),
(233, 1),
(234, 1),
(1649, 1),
(236, 2),
(237, 1),
(238, 0),
(239, 2),
(240, 1),
(241, 1),
(242, 1),
(243, 1),
(244, 1),
(245, 2),
(796, 1),
(247, 1),
(248, 1),
(249, 1),
(293, 1),
(292, 1),
(352, 1),
(253, 1),
(306, 1),
(305, 1),
(304, 1),
(260, 1),
(261, 1),
(262, 2),
(263, 2),
(264, 2),
(266, 1),
(267, 1),
(268, 1),
(269, 1),
(270, 1),
(271, 1),
(326, 1),
(324, 1),
(274, 1),
(275, 0),
(325, 1),
(277, 1),
(307, 1),
(280, 1),
(354, 0),
(393, 1),
(283, 2),
(312, 2),
(313, 2),
(314, 1),
(315, 1),
(316, 1),
(317, 0),
(318, 1),
(319, 2),
(320, 1),
(321, 1),
(322, 1),
(323, 2),
(327, 1),
(334, 1),
(333, 1),
(330, 2),
(331, 2),
(332, 1),
(335, 0),
(336, 0),
(337, 1),
(338, 1),
(339, 1),
(340, 1),
(341, 2),
(342, 1),
(343, 1),
(344, 1),
(345, 1),
(346, 1),
(347, 1),
(348, 0),
(349, 0),
(350, 0),
(353, 1),
(355, 1),
(356, 1),
(357, 1),
(358, 1),
(359, 0),
(360, 1),
(361, 1),
(362, 1),
(363, 1),
(377, 1),
(365, 1),
(366, 1),
(367, 0),
(368, 1),
(369, 1),
(370, 1),
(371, 1),
(394, 1),
(373, 1),
(374, 1),
(375, 2),
(797, 1),
(378, 0),
(379, 1),
(380, 1),
(381, 1),
(382, 1),
(383, 1),
(384, 1),
(385, 2),
(386, 1),
(387, 1),
(388, 1),
(389, 1),
(390, 1),
(391, 1),
(392, 2),
(395, 2),
(396, 1),
(397, 1),
(398, 1),
(413, 1),
(412, 1),
(401, 2),
(402, 1),
(403, 1),
(404, 1),
(405, 1),
(406, 1),
(407, 2),
(408, 1),
(409, 1),
(410, 1),
(411, 1),
(414, 1),
(415, 1),
(416, 1),
(417, 1),
(418, 1),
(419, 1),
(420, 0),
(421, 1),
(785, 1),
(423, 2),
(424, 2),
(425, 1),
(426, 1),
(427, 1),
(428, 0),
(429, 0),
(430, 1),
(431, 1),
(432, 1),
(433, 1),
(454, 1),
(435, 1),
(436, 2),
(437, 0),
(438, 2),
(439, 1),
(440, 0),
(991, 1),
(442, 0),
(443, 1),
(444, 1),
(457, 1),
(446, 0),
(447, 0),
(448, 0),
(449, 0),
(450, 0),
(451, 0),
(452, 1),
(453, 0),
(455, 0),
(456, 0),
(458, 1),
(459, 1),
(460, 1),
(461, 1),
(462, 2),
(463, 1),
(464, 2),
(465, 1),
(466, 2),
(467, 1),
(468, 1),
(469, 1),
(470, 1),
(471, 1),
(472, 1),
(473, 1),
(474, 1),
(475, 1),
(476, 0),
(477, 0),
(478, 1),
(479, 1),
(480, 1),
(481, 1),
(482, 1),
(483, 1),
(484, 1),
(485, 1),
(486, 1),
(487, 0),
(488, 1),
(489, 1),
(490, 2),
(491, 1),
(492, 1),
(493, 2),
(494, 1),
(495, 1),
(496, 1),
(497, 1),
(498, 0),
(499, 1),
(500, 0),
(501, 0),
(502, 0),
(503, 0),
(504, 0),
(505, 1),
(506, 1),
(507, 1),
(508, 1),
(509, 1),
(510, 1),
(511, 1),
(512, 1),
(513, 1),
(533, 1),
(539, 1),
(516, 1),
(534, 1),
(518, 1),
(519, 1),
(520, 1),
(521, 0),
(522, 0),
(523, 0),
(524, 0),
(525, 2),
(526, 1),
(527, 1),
(528, 0),
(529, 0),
(530, 1),
(531, 1),
(535, 1),
(536, 1),
(537, 1),
(538, 0),
(540, 1),
(541, 0),
(542, 1),
(543, 1),
(544, 1),
(545, 1),
(546, 1),
(564, 1),
(548, 0),
(549, 0),
(550, 0),
(551, 0),
(552, 2),
(553, 1),
(554, 2),
(555, 0),
(784, 1),
(557, 0),
(558, 0),
(559, 0),
(578, 1),
(566, 1),
(565, 1),
(563, 1),
(567, 1),
(569, 1),
(576, 1),
(571, 1),
(572, 1),
(573, 1),
(574, 1),
(577, 1),
(579, 1),
(594, 1),
(581, 1),
(642, 1),
(583, 0),
(584, 1),
(585, 1),
(586, 1),
(587, 2),
(588, 1),
(589, 1),
(590, 1),
(591, 1),
(593, 1),
(627, 1),
(626, 1),
(597, 1),
(625, 1),
(599, 1),
(624, 1),
(601, 1),
(602, 1),
(619, 1),
(604, 2),
(605, 1),
(606, 1),
(607, 1),
(608, 1),
(609, 0),
(612, 0),
(611, 0),
(644, 1),
(614, 0),
(615, 1),
(616, 2),
(617, 0),
(618, 0),
(620, 1),
(621, 1),
(622, 1),
(623, 1),
(629, 1),
(641, 1),
(643, 0),
(632, 0),
(633, 0),
(634, 0),
(635, 0),
(636, 1),
(637, 0),
(638, 2),
(639, 1),
(645, 1),
(646, 1),
(647, 1),
(648, 1),
(649, 1),
(650, 1),
(651, 1),
(652, 1),
(653, 1),
(654, 0),
(655, 0),
(656, 2),
(657, 1),
(658, 1),
(659, 1),
(695, 1),
(661, 1),
(703, 0),
(663, 1),
(664, 2),
(665, 1),
(667, 1),
(668, 1),
(671, 1),
(672, 2),
(673, 1),
(674, 1),
(675, 1),
(676, 1),
(677, 1),
(678, 1),
(679, 2),
(680, 1),
(681, 2),
(682, 2),
(683, 1),
(684, 2),
(685, 1),
(686, 2),
(687, 1),
(688, 0),
(689, 0),
(690, 0),
(691, 0),
(692, 0),
(693, 1),
(710, 0),
(696, 0),
(697, 1),
(698, 0),
(699, 0),
(751, 1),
(701, 0),
(702, 1),
(705, 1),
(712, 0),
(707, 1),
(708, 1),
(711, 0),
(713, 0),
(714, 0),
(715, 0),
(716, 0),
(717, 0),
(718, 0),
(719, 0),
(720, 1),
(721, 1),
(722, 1),
(723, 2),
(724, 1),
(725, 2),
(726, 1),
(727, 1),
(728, 1),
(729, 2),
(730, 2),
(731, 1),
(732, 0),
(733, 0),
(734, 0),
(735, 0),
(736, 1),
(737, 1),
(738, 0),
(752, 1),
(740, 1),
(741, 1),
(742, 1),
(750, 1),
(753, 1),
(754, 1),
(746, 1),
(749, 1),
(748, 1),
(755, 1),
(756, 1),
(757, 1),
(758, 1),
(759, 1),
(760, 1),
(761, 1),
(762, 2),
(763, 1),
(764, 1),
(765, 0),
(766, 0),
(767, 0),
(768, 0),
(769, 0),
(770, 0),
(773, 0),
(774, 0),
(775, 0),
(776, 0),
(777, 0),
(780, 1),
(779, 1),
(781, 0),
(782, 1),
(783, 1),
(787, 0),
(788, 0),
(789, 1),
(790, 1),
(791, 1),
(792, 1),
(817, 1),
(794, 1),
(820, 1),
(798, 1),
(832, 1),
(800, 1),
(801, 1),
(803, 0),
(804, 0),
(805, 0),
(806, 0),
(807, 0),
(808, 0),
(809, 0),
(810, 0),
(811, 0),
(814, 0),
(819, 1),
(818, 1),
(821, 1),
(839, 1),
(823, 1),
(850, 1),
(825, 1),
(826, 2),
(827, 1),
(828, 1),
(829, 2),
(830, 1),
(831, 2),
(833, 1),
(834, 1),
(835, 1),
(836, 1),
(837, 1),
(840, 1),
(841, 1),
(842, 2),
(843, 1),
(844, 1),
(845, 2),
(846, 1),
(847, 1),
(848, 1),
(849, 1),
(851, 2),
(852, 1),
(853, 1),
(854, 0),
(855, 1),
(856, 1),
(857, 1),
(858, 1),
(859, 1),
(860, 1),
(861, 1),
(862, 1),
(863, 1),
(864, 2),
(865, 2),
(866, 1),
(867, 1),
(868, 2),
(869, 1),
(870, 1),
(871, 1),
(872, 2),
(873, 1),
(874, 1),
(875, 2),
(876, 1),
(877, 1),
(878, 1),
(879, 1),
(880, 1),
(881, 1),
(882, 1),
(1648, 1),
(884, 1),
(885, 1),
(886, 1),
(887, 1),
(888, 1),
(889, 1),
(890, 1),
(891, 1),
(892, 1),
(893, 1),
(894, 1),
(895, 1),
(896, 1),
(897, 1),
(898, 1),
(899, 1),
(900, 1),
(901, 1),
(902, 1),
(903, 1),
(904, 1),
(905, 1),
(935, 1),
(936, 1),
(934, 1),
(937, 1),
(910, 1),
(911, 1),
(912, 1),
(913, 1),
(914, 1),
(915, 1),
(932, 1),
(917, 1),
(918, 1),
(919, 1),
(920, 1),
(921, 1),
(923, 1),
(931, 1),
(939, 0),
(926, 1),
(938, 0),
(928, 1),
(929, 1),
(930, 1),
(940, 0),
(941, 0),
(942, 0),
(943, 0),
(944, 1),
(945, 1),
(961, 1),
(958, 1),
(948, 1),
(949, 1),
(976, 1),
(960, 1),
(959, 1),
(957, 1),
(967, 1),
(992, 1),
(956, 1),
(990, 1),
(964, 2),
(965, 1),
(966, 1),
(968, 0),
(969, 1),
(970, 1),
(971, 1),
(1400, 2),
(973, 1),
(974, 1),
(975, 1),
(986, 1),
(989, 1),
(996, 1),
(982, 1),
(987, 1),
(984, 2),
(993, 1),
(1015, 1),
(997, 1),
(998, 1),
(999, 1),
(1025, 1),
(1024, 1),
(1074, 1),
(1023, 1),
(1022, 1),
(1005, 1),
(1006, 1),
(1007, 1),
(1088, 1),
(1009, 1),
(1010, 1),
(1011, 1),
(1012, 1),
(1125, 1),
(1014, 1),
(1016, 2),
(1017, 2),
(1018, 1),
(1019, 2),
(1020, 2),
(1021, 2),
(1026, 1),
(1027, 1),
(1028, 1),
(1029, 2),
(1061, 2),
(1031, 2),
(1032, 1),
(1033, 2),
(1034, 2),
(1035, 1),
(1036, 1),
(1037, 2),
(1038, 1),
(1039, 1),
(1040, 1),
(1041, 1),
(1042, 1),
(1043, 2),
(1044, 1),
(1045, 1),
(1046, 1),
(1047, 2),
(1048, 2),
(1049, 1),
(1050, 1),
(1051, 1),
(1052, 1),
(1053, 1),
(1054, 1),
(1055, 1),
(1056, 0),
(1057, 0),
(1058, 0),
(1059, 0),
(1060, 1),
(1062, 2),
(1063, 1),
(1064, 1),
(1065, 0),
(1066, 1),
(1067, 2),
(1068, 2),
(1069, 1),
(1070, 1),
(1071, 1),
(1072, 1),
(1073, 1),
(1075, 1),
(1076, 1),
(1077, 1),
(1078, 1),
(1079, 1),
(1080, 1),
(1081, 1),
(1082, 1),
(1083, 1),
(1084, 2),
(1099, 1),
(1086, 1),
(1093, 1),
(1089, 1),
(1090, 2),
(1091, 1),
(1092, 1),
(1094, 1),
(1095, 1),
(1096, 1),
(1097, 1),
(1098, 1),
(1100, 1),
(1101, 1),
(1102, 1),
(1103, 1),
(1104, 1),
(1105, 2),
(1106, 2),
(1107, 1),
(1108, 1),
(1109, 1),
(1110, 2),
(1111, 1),
(1112, 1),
(1113, 0),
(1114, 1),
(1115, 1),
(1116, 1),
(1117, 1),
(1118, 1),
(1119, 1),
(1120, 1),
(1121, 0),
(1122, 0),
(1123, 0),
(1124, 0),
(1126, 1),
(1127, 1),
(1128, 1),
(1129, 1),
(1132, 2),
(1133, 1),
(1134, 2),
(1135, 1),
(1136, 1),
(1159, 0),
(1138, 1),
(1139, 1),
(1160, 1),
(1141, 2),
(1142, 1),
(1143, 1),
(1144, 1),
(1145, 1),
(1146, 2),
(1147, 1),
(1148, 1),
(1149, 1),
(1150, 1),
(1151, 1),
(1152, 1),
(1153, 1),
(1154, 0),
(1155, 1),
(1156, 1),
(1157, 1),
(1158, 0),
(1161, 1),
(1162, 1),
(1163, 1),
(1164, 1),
(1165, 1),
(1166, 1),
(1167, 2),
(1168, 1),
(1169, 1),
(1170, 1),
(1171, 1),
(1172, 1),
(1173, 1),
(1174, 2),
(1175, 1),
(1176, 1),
(1177, 1),
(1178, 1),
(1179, 2),
(1180, 1),
(1181, 1),
(1182, 1),
(1183, 1),
(1184, 1),
(1185, 1),
(1186, 2),
(1187, 2),
(1188, 0),
(1213, 0),
(1190, 0),
(1191, 1),
(1192, 0),
(1193, 1),
(1194, 1),
(1219, 1),
(1220, 0),
(1197, 1),
(1198, 1),
(1199, 2),
(1200, 1),
(1201, 1),
(1237, 0),
(1203, 1),
(1204, 1),
(1205, 1),
(1206, 1),
(1207, 1),
(1208, 1),
(1209, 1),
(1210, 1),
(1211, 1),
(1212, 1),
(1214, 0),
(1215, 1),
(1216, 2),
(1217, 1),
(1218, 1),
(1221, 1),
(1222, 0),
(1223, 0),
(1224, 0),
(1225, 0),
(1226, 0),
(1227, 1),
(1228, 1),
(1229, 0),
(1230, 1),
(1231, 2),
(1232, 1),
(1233, 1),
(1234, 1),
(1235, 1),
(1236, 0),
(1238, 0),
(1239, 0),
(1240, 0),
(1241, 1),
(1242, 2),
(1243, 1),
(1244, 2),
(1245, 1),
(1246, 1),
(1247, 1),
(1248, 2),
(1249, 1),
(1250, 1),
(1251, 1),
(1252, 1),
(1253, 1),
(1254, 1),
(1255, 1),
(1256, 1),
(1257, 0),
(1258, 0),
(1259, 0),
(1260, 0),
(1261, 0),
(1266, 1),
(1263, 0),
(1286, 2),
(1265, 1),
(1268, 1),
(1285, 0),
(1284, 1),
(1271, 1),
(1303, 1),
(1302, 1),
(1316, 1),
(1275, 1),
(1276, 1),
(1277, 2),
(1293, 1),
(1279, 1),
(1280, 1),
(1281, 1),
(1282, 1),
(1283, 1),
(1287, 1),
(1288, 1),
(1289, 1),
(1290, 1),
(1291, 2),
(1292, 1),
(1294, 1),
(1326, 1),
(1296, 1),
(1297, 1),
(1298, 2),
(1299, 2),
(1300, 1),
(1304, 1),
(1305, 1),
(1306, 1),
(1307, 1),
(1308, 1),
(1309, 1),
(1310, 1),
(1311, 1),
(1312, 2),
(1313, 1),
(1314, 2),
(1315, 1),
(1317, 1),
(1318, 1),
(1319, 1),
(1320, 1),
(1321, 2),
(1322, 1),
(1323, 1),
(1324, 1),
(1325, 2),
(1327, 1),
(1328, 0),
(1332, 1),
(1331, 1),
(1333, 1),
(1334, 1),
(1335, 1),
(1336, 1),
(1337, 1),
(1338, 1),
(1339, 2),
(1347, 1),
(1341, 1),
(1342, 1),
(1386, 1),
(1344, 1),
(1385, 1),
(1387, 1),
(1348, 1),
(1349, 1),
(1350, 1),
(1351, 1),
(1352, 2),
(1353, 2),
(1354, 1),
(1355, 1),
(1356, 1),
(1357, 2),
(1358, 2),
(1359, 1),
(1360, 1),
(1361, 1),
(1362, 1),
(1363, 1),
(1364, 0),
(1365, 1),
(1366, 0),
(1367, 1),
(1368, 1),
(1369, 1),
(1370, 2),
(1372, 2),
(1373, 2),
(1374, 2),
(1375, 0),
(1376, 0),
(1377, 0),
(1378, 0),
(1379, 0),
(1380, 0),
(1381, 0),
(1382, 0),
(1383, 1),
(1384, 1),
(1393, 1),
(1389, 1),
(1390, 1),
(1391, 1),
(1392, 1),
(1394, 1),
(1395, 1),
(1451, 1),
(1397, 1),
(1398, 2),
(1399, 1),
(1401, 2),
(1402, 1),
(1403, 1),
(1404, 1),
(1405, 1),
(1406, 1),
(1407, 2),
(1408, 1),
(1409, 1),
(1410, 1),
(1411, 1),
(1412, 1),
(1413, 1),
(1414, 1),
(1415, 1),
(1416, 1),
(1417, 2),
(1418, 1),
(1419, 1),
(1420, 1),
(1421, 1),
(1422, 1),
(1423, 1),
(1424, 1),
(1425, 2),
(1426, 2),
(1427, 2),
(1428, 1),
(1429, 1),
(1430, 1),
(1431, 1),
(1432, 1),
(1433, 1),
(1434, 2),
(1435, 2),
(1436, 2),
(1437, 2),
(1438, 2),
(1439, 0),
(1440, 0),
(1441, 2),
(1442, 1),
(1443, 1),
(1444, 1),
(1445, 1),
(1446, 0),
(1447, 0),
(1448, 0),
(1449, 0),
(1450, 0),
(1452, 2),
(1460, 1),
(1454, 1),
(1455, 1),
(1456, 2),
(1457, 2),
(1458, 2),
(1459, 2),
(1461, 1),
(1462, 1),
(1463, 1),
(1464, 1),
(1465, 1),
(1466, 1),
(1492, 1),
(1468, 1),
(1469, 1),
(1470, 1),
(1471, 2),
(1472, 1),
(1473, 1),
(1475, 1),
(1476, 1),
(1477, 2),
(1478, 1),
(1479, 1),
(1480, 1),
(1481, 1),
(1482, 2),
(1483, 1),
(1484, 1),
(1485, 0),
(1486, 0),
(1487, 1),
(1495, 1),
(1489, 1),
(1490, 1),
(1491, 1),
(1493, 0),
(1494, 0),
(1496, 1),
(1497, 2),
(1498, 1),
(1499, 1),
(1500, 1),
(1501, 1),
(1502, 2),
(1503, 2),
(1504, 2),
(1505, 2),
(1506, 2),
(1507, 1),
(1508, 1),
(1509, 1),
(1510, 1),
(1511, 1),
(1512, 1),
(1513, 2),
(1514, 0),
(1515, 1),
(1516, 1),
(1517, 1),
(1518, 0),
(1519, 0),
(1520, 1),
(1521, 2),
(1522, 1),
(1523, 1),
(1524, 1),
(1525, 1),
(1526, 2),
(1527, 1),
(1528, 2),
(1529, 1),
(1530, 0),
(1531, 0),
(1532, 1),
(1533, 1),
(1534, 1),
(1535, 1),
(1536, 1),
(1537, 2),
(1538, 1),
(1615, 1),
(1540, 1),
(1541, 0),
(1542, 1),
(1543, 2),
(1544, 1),
(1545, 1),
(1546, 1),
(1547, 1),
(1548, 1),
(1549, 1),
(1550, 2),
(1551, 1),
(1552, 2),
(1553, 1),
(1554, 1),
(1555, 0),
(1556, 1),
(1557, 1),
(1558, 1),
(1559, 1),
(1560, 1),
(1561, 1),
(1562, 1),
(1563, 2),
(1564, 2),
(1565, 2),
(1566, 1),
(1567, 2),
(1568, 1),
(1569, 1),
(1570, 1),
(1571, 2),
(1572, 2),
(1573, 1),
(1574, 2),
(1575, 2),
(1576, 1),
(1577, 1),
(1578, 0),
(1579, 0),
(1580, 0),
(1581, 0),
(1591, 0),
(1587, 0),
(1584, 0),
(1585, 0),
(1586, 0),
(1588, 0),
(1592, 0),
(1590, 0),
(1593, 0),
(1594, 0),
(1595, 2),
(1628, 0),
(1597, 2),
(1598, 1),
(1599, 2),
(1600, 2),
(1601, 1),
(1602, 1),
(1603, 1),
(1604, 1),
(1605, 1),
(1606, 1),
(1607, 1),
(1608, 2),
(1609, 1),
(1610, 2),
(1611, 2),
(1612, 1),
(1613, 1),
(1614, 1),
(1635, 1),
(1637, 1),
(1618, 0),
(1619, 2),
(1620, 0),
(1621, 0),
(1622, 1),
(1623, 2),
(1659, 1),
(1625, 1),
(1626, 0),
(1627, 1),
(1629, 1),
(1630, 1),
(1631, 0),
(1632, 1),
(1633, 1),
(1634, 0),
(1638, 2),
(1639, 1),
(1640, 1),
(1641, 1),
(1642, 2),
(1643, 1),
(1644, 1),
(1645, 2),
(1646, 1),
(1647, 1),
(1652, 0),
(1653, 0),
(1654, 0),
(1655, 0),
(1656, 0),
(1657, 0),
(1658, 1),
(1660, 0),
(1661, 1),
(1662, 1),
(1663, 1),
(1664, 1),
(1665, 1),
(1666, 1),
(1667, 0),
(1668, 0),
(1669, 0),
(1670, 1),
(1671, 2),
(1677, 1),
(1673, 1),
(1674, 1),
(1675, 1),
(1676, 2),
(1678, 1),
(1679, 1),
(1680, 1),
(1681, 2),
(1682, 1),
(1683, 1),
(1684, 1),
(1685, 1),
(1686, 2),
(1687, 1),
(1688, 1),
(1689, 2),
(1690, 2),
(1691, 1),
(1692, 2),
(1693, 2),
(1694, 1),
(1695, 2),
(1696, 1),
(1723, 1),
(1698, 2),
(1699, 1),
(1700, 1),
(1701, 1),
(1702, 2),
(1703, 1),
(1704, 2),
(1705, 1),
(1706, 1),
(1707, 2),
(1708, 1),
(1709, 1),
(1710, 2),
(1711, 1),
(1712, 1),
(1713, 1),
(1714, 2),
(1715, 1),
(1716, 1),
(1717, 1),
(1778, 0),
(1719, 0),
(1720, 0),
(1779, 0),
(1777, 1),
(1724, 1),
(1725, 1),
(1726, 1),
(1727, 1),
(1728, 1),
(1729, 1),
(1730, 1),
(1731, 1),
(1732, 1),
(1733, 0),
(1734, 2),
(1735, 1),
(1736, 2),
(1737, 0),
(1738, 0),
(1739, 2),
(1740, 1),
(1741, 1),
(1742, 0),
(1743, 1),
(1744, 1),
(1745, 1),
(1746, 1),
(1747, 2),
(1748, 1),
(1749, 1),
(1750, 1),
(1751, 1),
(1752, 1),
(1753, 1),
(1754, 1),
(1755, 1),
(1794, 0),
(1795, 0),
(1758, 1),
(1759, 1),
(1760, 1),
(1761, 1),
(1793, 1),
(1763, 2),
(1764, 1),
(1765, 1),
(1766, 1),
(1767, 2),
(1768, 1),
(1769, 1),
(1791, 1),
(1771, 0),
(1772, 0),
(1773, 0),
(1774, 0),
(1775, 0),
(1776, 0),
(1780, 0),
(1783, 1),
(1782, 0),
(1784, 0),
(1786, 0),
(1787, 0),
(1788, 0),
(1789, 0),
(1790, 1),
(1792, 1),
(1796, 0),
(1797, 0),
(1798, 0),
(1799, 0),
(1800, 0),
(1801, 0),
(1802, 0),
(1803, 0),
(1804, 0),
(1805, 0);

-- --------------------------------------------------------

--
-- Struktur dari tabel `doctor`
--

CREATE TABLE IF NOT EXISTS `doctor` (
`id` int(11) NOT NULL,
  `username` varchar(255) NOT NULL,
  `password` varchar(255) NOT NULL
) ENGINE=MyISAM  DEFAULT CHARSET=latin1 AUTO_INCREMENT=26 ;

--
-- Dumping data untuk tabel `doctor`
--

INSERT INTO `doctor` (`id`, `username`, `password`) VALUES
(3, 'dr_budi', 'budi123'),
(20, 'drg. Indra', 'drgindra'),
(7, 'drg. Melania', 'drgmela'),
(18, 'drg. Endro', 'drgendro'),
(8, 'drg. Eron', 'drgeron'),
(9, 'drg. Badi', 'drgbadi'),
(10, 'drg. A', 'drga'),
(11, 'drg. Fiqar', 'drgfiqar'),
(21, 'drg. Taufiqi', 'drgtaufiqi'),
(14, 'drg. B. Sam', 'drgbsam'),
(15, 'drg. Tina', 'drgtina'),
(16, 'drg. Henri', 'Drghenri44'),
(17, 'drg. Suherman', 'drgsuhermanxxxx'),
(22, 'drg. Novita', 'drgnovita'),
(24, 'drg. Lina', 'drglina'),
(25, 'drg. aaa', 'aaa');

-- --------------------------------------------------------

--
-- Struktur dari tabel `doctor_available_schedule`
--

CREATE TABLE IF NOT EXISTS `doctor_available_schedule` (
  `id` int(11) NOT NULL COMMENT 'ini id_doctor',
  `start_hour` int(11) DEFAULT '2',
  `finish_hour` int(11) DEFAULT '32'
) ENGINE=MyISAM DEFAULT CHARSET=latin1;

--
-- Dumping data untuk tabel `doctor_available_schedule`
--

INSERT INTO `doctor_available_schedule` (`id`, `start_hour`, `finish_hour`) VALUES
(3, 3, 30),
(7, 6, 27),
(8, 6, 30),
(16, 18, 28),
(10, 20, 32),
(17, 20, 34),
(18, 6, 30),
(9, 22, 32),
(24, 24, 28);

-- --------------------------------------------------------

--
-- Struktur dari tabel `patient`
--

CREATE TABLE IF NOT EXISTS `patient` (
`id` int(11) NOT NULL,
  `id_doctor` int(255) NOT NULL,
  `name` varchar(255) DEFAULT NULL,
  `telephone_number` varchar(255) DEFAULT NULL
) ENGINE=MyISAM  DEFAULT CHARSET=latin1 AUTO_INCREMENT=662 ;

--
-- Dumping data untuk tabel `patient`
--

INSERT INTO `patient` (`id`, `id_doctor`, `name`, `telephone_number`) VALUES
(6, 2, 'Yo1', '3456'),
(7, 3, 'Riandy Rahman Nugraha', '0857931747x9'),
(8, 4, 'Michael Dwianto Nirwan', '343545453'),
(11, 3, 'Yahoo', '23445'),
(12, 4, 'Yuhu', '12345'),
(18, 5, 'mo', 'ojojo'),
(17, 5, 'ma', ''),
(16, 5, 'ma', ''),
(19, 6, 'kaka', '8383'),
(187, 8, 'Wesley', ''),
(186, 17, 'Tn.Jimmy', ''),
(185, 17, 'Ny.Ida', ''),
(29, 7, 'i', ''),
(30, 7, 'C', '17283920573yy'),
(31, 8, 'Zacky', ''),
(32, 9, 'a', ''),
(33, 9, 'b', '1'),
(34, 7, 'Pak Amir', '0852426581881'),
(184, 17, 'Tn.Johan', ''),
(37, 7, 'Lala', '12345678'),
(38, 7, 'Beta', '09173681 '),
(39, 10, 'Mike', '0852426581881'),
(41, 10, 'Pak Amir', '0929292929223'),
(354, 17, 'Nt.Lianty', ''),
(43, 8, 'Ny.Silviana', ''),
(45, 7, 'mama', 'g433'),
(47, 16, 'ada', '081224564'),
(48, 15, 'nn.Fanny', ''),
(49, 15, 'nn.Anggya', ''),
(50, 15, 'Ny.Shopy', ''),
(51, 15, 'nn.Ellen', ''),
(52, 15, 'Hardi', ''),
(53, 15, 'nn.Anabel', ''),
(54, 8, 'Ny.Dede', ''),
(208, 18, 'Siaty Cendranata (ny tommy)', '08156027988'),
(57, 15, 'nn.Ivana', ''),
(58, 15, 'nn.monica', ''),
(59, 15, 'nn.Anissa', ''),
(60, 17, 'Tn.Budi', ''),
(61, 17, 'Ny.Heriawati', ''),
(62, 17, 'Tn.Kusnadi', ''),
(63, 17, 'Tn.Wong kan doeh', ''),
(64, 17, 'Ny.Yong siu tjen', ''),
(65, 17, 'Desmonda', ''),
(66, 17, 'Ny.Lili', ''),
(67, 17, 'Ny.Oey an hoa', ''),
(68, 17, 'Ny.Lilian', ''),
(69, 17, 'Tn.Kurniawan', ''),
(70, 17, 'Tn.Yoen', ''),
(71, 17, 'Tn.Unang', ''),
(72, 17, 'Ny.Heyi', ''),
(73, 17, 'Tn.Tira', ''),
(74, 17, 'nn.Vanesa', ''),
(75, 17, 'Ny.Felicia', ''),
(76, 17, 'Ny.Ratna', ''),
(77, 17, 'Ny.Paulina', ''),
(78, 17, 'Yury', ''),
(79, 17, 'Ny.Vivi', ''),
(80, 17, 'Ny.Vonny', ''),
(81, 17, 'Ny.Lidya', ''),
(82, 17, 'Ny.Farida', ''),
(83, 17, 'Tn.Hendri', ''),
(84, 17, 'Ny.Lusiana', ''),
(85, 17, 'Ny.Lisa', ''),
(86, 17, 'Tn.Aris', ''),
(87, 17, 'Ny.Linda', ''),
(88, 17, 'Tn.David', ''),
(89, 10, 'Ibu Ratna', '0929292929428'),
(90, 10, 'Pak Simon', '0929297263223'),
(91, 17, 'Ny.Fanny', ''),
(92, 17, 'Tn.Henry', ''),
(93, 17, 'Ny.Ninon', ''),
(94, 17, 'Ny.Lenny', ''),
(95, 3, 'drone', '123'),
(183, 17, 'Tn.Andreas', ''),
(97, 17, 'Tn.Miki', ''),
(98, 17, 'Tn.Erick', ''),
(99, 17, 'Tn.Felix', ''),
(100, 17, 'Ny.Rita', ''),
(101, 17, 'nn.Rina', ''),
(102, 17, 'nn.Eha', ''),
(103, 8, 'Ny.Anna', ''),
(104, 8, 'Ny.Linda', ''),
(105, 17, 'Ny.Melly', ''),
(107, 17, 'Tn.Tan tjin hoeng', ''),
(108, 8, 'Ny.Novi', ''),
(109, 17, 'Ny.Susan', ''),
(110, 17, 'Tn.Hanafi', ''),
(111, 17, 'Ny.Imas', ''),
(112, 17, 'Ny.Tan lie lan', ''),
(113, 17, 'Tn.Indra', ''),
(114, 17, 'Tn.Liong', ''),
(115, 7, 'yy', ''),
(116, 7, 'jsjajajs', 'hxhdhsjsjs'),
(117, 15, 'nn.Audrey', ''),
(118, 15, 'Tn.Erwin', ''),
(119, 15, 'Tn.Sulaiman', ''),
(120, 17, 'Ny.Heuw lie fong', ''),
(121, 17, 'Ny.Henny', ''),
(122, 17, 'nn.Jessica', ''),
(123, 17, 'Tn.Rivo', ''),
(124, 17, 'Ny.Maria', ''),
(125, 17, 'Ny.Shany', ''),
(126, 17, 'Ny.Cut oktavia', ''),
(127, 17, 'Tn.Sukendar', ''),
(128, 3, 'wwww', '123'),
(129, 8, 'Ny.Abbas', ''),
(130, 17, 'irfansyah', ''),
(132, 8, 'Ny.Rostiana', ''),
(133, 8, 'Brendan', ''),
(134, 8, 'Nn.Endah', ''),
(135, 7, 'jdhd', '56765'),
(136, 20, 'mike', ''),
(148, 18, 'Ratna Dewi', '08157008422'),
(139, 17, 'Ny.Tjhie siaw tjen', ''),
(140, 17, 'Tn.Iskandar', ''),
(141, 17, 'nn.Okta', ''),
(142, 15, 'nn.Hanna', ''),
(143, 15, 'Tn.Ricky', ''),
(348, 18, 'Rizal Zainal A', '085317000887'),
(145, 15, 'nn.Mega', ''),
(146, 15, 'nn.Samantha', ''),
(147, 15, 'nn.Alisa', ''),
(149, 18, 'Rina', '087722205888'),
(150, 18, 'Junida', '082120864202 / 0811247202 / 085956043433'),
(151, 18, 'Astirisha Utami', '085659828232'),
(152, 18, 'Shella Cynthya', '08122066166'),
(153, 18, 'Della Nurdwiani W', '081395306868'),
(154, 18, 'Ageolina Uria', '081299145824'),
(155, 18, 'Tiffani dewi', '089619452354'),
(614, 17, 'Tn.Barry', ''),
(157, 18, 'Yoanita', '08112208350'),
(158, 18, 'Krishna Nur Pribadi', '08112222925'),
(159, 18, 'Fitri Riris', '085722257240'),
(160, 18, 'Rika Pane', '08122026029'),
(161, 18, 'Annisa Dinda', '081313954823'),
(162, 18, 'Justine Yuwono', '083821488842'),
(163, 18, 'Iceu Lisna', '087822603291'),
(164, 18, 'Taufikra', '082126146456'),
(165, 18, 'Eddy sugiri', '08161908669'),
(166, 18, 'Yvvone Suryo', '0811200940'),
(167, 18, 'Tubagus Avip', '08122022203'),
(168, 18, 'M. Rijal', '0813944395241'),
(170, 7, 'ff6', ''),
(171, 7, 'ggh', ''),
(172, 18, 'Renny Juliati Jahja', '0816619621'),
(173, 18, 'Ir Iswan Prahastono', '08126075950'),
(174, 18, 'Anthoni Cahyadi', '085624760600'),
(175, 18, 'Susi Mulyanawati', '08122163297'),
(176, 18, 'Yan Ardi Bermawi', '081320293975'),
(177, 18, 'Hartiwan H R', '081394333322'),
(178, 18, 'Adiyatma ', '082119633546'),
(179, 17, 'Tn.Ridwan', ''),
(180, 18, 'Hanif Arif', '081802009234'),
(181, 18, 'Sri Mahayati', '0818206102'),
(182, 18, 'Nuurin', '081253101826'),
(188, 17, 'Tn.Durmi', ''),
(189, 17, 'Ricky', ''),
(190, 17, 'Ny.Arini', ''),
(191, 17, 'Ny.Lanny', ''),
(192, 18, 'Yunni Meliashari', '0818439698'),
(193, 17, 'Tn.Heryanto', ''),
(194, 8, 'Ny.Herniaty', ''),
(195, 17, 'Tn.H.M Ramli', ''),
(196, 17, 'Ny.Yulianti', ''),
(200, 21, 'Zayyan', '0811689273'),
(198, 17, 'Tn.Joe daniel', ''),
(199, 11, 'Dawan Firdaus', ''),
(201, 21, 'Umar', '0811239387'),
(202, 21, 'Ilma', '085794480944'),
(203, 21, 'Mugi', '081320779516'),
(204, 17, 'Ny.Cucu', ''),
(205, 17, 'Ny.Juarni', ''),
(206, 17, 'Tn.Edward', ''),
(207, 8, 'Ny.Sherlyn', ''),
(209, 18, 'Alin', '08122332054'),
(210, 18, 'Heni Agustiani', '081809389349'),
(211, 18, 'Arifin Wendi', '081322305788'),
(212, 16, 'Salma', ''),
(213, 16, 'Alysa', ''),
(214, 16, 'Amalia amel', ''),
(215, 17, 'Tn.Ronald', ''),
(216, 17, 'Tn.Tan weng kiong', ''),
(217, 18, 'Andi Yuliestiono', '081802032215'),
(218, 18, 'Muhammad Ramadhan Irfansyah', '087893244424'),
(219, 18, 'Fanina Nisfulaily', '08128989893'),
(220, 18, 'Meilina Sari', '081901011988'),
(221, 17, 'Tn.Reza', ''),
(222, 9, 'miranti', '+6285860060030'),
(223, 15, 'Ny.Ruly', ''),
(224, 9, 'vigi', '+6285860060030'),
(225, 15, 'Ny.angelia', ''),
(226, 15, 'Ny.Mellisa', ''),
(227, 17, 'Tn.Husen', ''),
(228, 17, 'Ny.Ay cu', ''),
(229, 18, 'Edwin Abdelmatin', '081381120206'),
(230, 18, 'Luigi Donati', '081322400075'),
(231, 18, 'Monika Sugiri', '081802194255'),
(232, 18, 'Esti Judhistira', '0811234275'),
(233, 17, 'Ny.Tan tjay moy', ''),
(234, 17, 'Tn.Binsar', ''),
(235, 17, 'Ny.Lina', ''),
(236, 17, 'Ny.Vitasari', ''),
(237, 15, 'Glenn', ''),
(238, 18, 'Iwang Kowara', '081321188878'),
(239, 18, 'Choirul Huda', '082214212001'),
(240, 18, 'Putri Dwi Fenty', '082116992218'),
(241, 18, 'Djoni Koesnandar', '081320640000'),
(242, 9, 'liem', '0817616333'),
(243, 9, 'yenny salim', '08112105898'),
(244, 9, 'indra gunawan', '123'),
(245, 18, 'Erwin atmadja', '087824612003'),
(246, 18, 'Cicilia', '087824612003'),
(247, 18, 'Bambang', '082321906000'),
(248, 18, 'Man Zhang', '081320444923'),
(249, 18, 'Avriano R Tenda', '081356000084'),
(251, 8, 'Tn.Christian', ''),
(252, 17, 'nn.Dhyani', ''),
(253, 17, 'Ny.Yulia', ''),
(254, 17, 'Ny.Iing', ''),
(255, 18, 'Hunasta abimanyu', '0818208532'),
(256, 8, 'Ny.Angelia', ''),
(257, 18, 'Jenny Winarti', '08122484811'),
(258, 18, 'Henny Soeyono H', '081802606666'),
(259, 18, 'Sekar Pandanwangi', '089699007227'),
(260, 8, 'Ny.Yuni', ''),
(261, 17, 'Ny.Elvina', ''),
(262, 17, 'Ny.Lena', ''),
(263, 17, 'Tn.Evan', ''),
(264, 17, 'Ny.Yetzulinda', ''),
(265, 18, 'Purba Tambunan', '081321565910'),
(266, 18, 'M. Arsyad Ghani', '08164867939'),
(267, 18, 'Dewi Anggraeni (Ny Renny)', '081320486622'),
(268, 18, 'Sugiartin Limanhadi', '081214807393'),
(269, 18, 'Djuansah', '0811234109'),
(270, 18, 'Yedi Yudistira', '08112200201'),
(271, 18, 'Hari Setiawan', '081394019977'),
(272, 18, 'Esti Danubrata', '0811234275'),
(273, 18, 'Rosda', '081364760500 / 082216665625'),
(274, 17, 'Tn.Hermes', ''),
(275, 18, 'Dicky N Wijaya', '081321507229 / 081222196777'),
(276, 18, 'Eza Nadia', '081276505303'),
(277, 18, 'Adya Pratama', '085363004950'),
(278, 18, 'Novita', '085316655526'),
(279, 18, 'Bebi Hendrawibawa', '081398309999 / 081299359999'),
(280, 8, 'Ny.Yuliani', ''),
(281, 18, 'Dona', '0818422792'),
(282, 18, 'A Pasha', '081223344098'),
(283, 18, 'Jennifer Yunani', '0811209918'),
(284, 18, 'Rizal Dwiguna A', '08562251271'),
(285, 18, 'Masduki Achmad', '08156062602'),
(286, 18, 'Salma Maulina W', '081809095129'),
(287, 18, 'Ikha Rachmawati', '081344520520'),
(288, 18, 'L.Stefanus Wiji', '081586636363'),
(289, 18, 'Fernita Puspasari', '08157157347'),
(290, 18, 'Deni Norman', '085860151620'),
(291, 17, 'Ny.Siti', ''),
(292, 17, 'Ny.Ong sin nio', ''),
(293, 17, 'Tn.Sigit', ''),
(294, 18, 'Diding', '081385101965'),
(295, 18, 'Dwi Larso', '081320271899'),
(296, 18, 'Harrie Lutfie', '081321212157'),
(297, 18, 'Pruni  Mahdar', '0811234109'),
(298, 17, 'Ny.Yuliani', ''),
(299, 17, 'Tn.Toni', ''),
(300, 17, 'Tn.Bunanto', ''),
(301, 17, 'nn.Desty', ''),
(302, 17, 'Tn.Rendi', ''),
(303, 17, 'nn.Siska', ''),
(304, 17, 'Tn.Ferry', ''),
(305, 18, 'Netty Fries', '0818214198'),
(306, 18, 'Bambang H', '08125524453'),
(307, 18, 'Drg. Adin', '0811760055'),
(308, 8, 'Tn.Yunanto', ''),
(309, 17, 'Ny.Sylvia', ''),
(310, 17, 'Tn.Tjeni', ''),
(311, 17, 'Tn.Teten', ''),
(312, 8, 'Tn.Resa', ''),
(313, 18, 'Alyssa yudhia sari', '081931235563'),
(314, 18, 'Nafidza Adella', '081220482121'),
(315, 18, 'Sandra Martianasari', '081931235563'),
(316, 18, 'Magali A', '0811922765'),
(317, 17, 'Tn.Dede', ''),
(318, 18, 'Herni Herdiani', '08164875381'),
(319, 18, 'Yvonne Suryo', '0811200940'),
(320, 17, 'Tn.Effendi', ''),
(321, 18, 'Mida Meutia', '08156109802'),
(322, 18, 'Antony Pandapotan', '08812000888'),
(323, 17, 'Tn.Oey tjun seng', ''),
(324, 17, 'Ny.Hiu soe tjen', ''),
(325, 17, 'Ny.Fei-fei', ''),
(326, 17, 'Tn.Pipih', ''),
(327, 8, 'Ny.Dewi', ''),
(328, 18, 'Furdi  ', '081355192678'),
(329, 18, 'Nurul Amalia', '081324271188'),
(330, 17, 'Tn.Ronny', ''),
(331, 18, 'Rediatami', '081317771638'),
(332, 17, 'Tn Andri', ''),
(333, 17, 'Ny.Lilis', ''),
(334, 17, 'Ny.Susannita', ''),
(335, 17, 'Tn.Handi', ''),
(336, 17, 'nn.Fenti', ''),
(337, 17, 'Tn.Sulaeman', ''),
(338, 17, 'Ny.Lianty', ''),
(339, 15, 'nn.Meity', ''),
(340, 18, 'Reinita Siaty', '08121457587'),
(341, 18, 'Kevin James', '08122099958'),
(342, 18, 'Didi', '08122013420'),
(343, 17, 'nn.Jane', ''),
(344, 17, 'Ny.Neneng', ''),
(345, 17, 'Ny.Eva', ''),
(346, 15, 'nn.Alia', ''),
(347, 15, 'nn.Amel', ''),
(349, 18, 'Monna Bastaman', '0811229229'),
(350, 17, 'Ny.The ay lan', ''),
(351, 15, 'Ny.Ririn', ''),
(355, 17, 'nn.Winny', ''),
(353, 24, 'husen', '0811228031'),
(356, 17, 'Tn.Tirta', ''),
(357, 18, 'Syntia', '08112030843'),
(358, 17, 'Tn.A liong', ''),
(359, 8, 'Ny.Desi', ''),
(360, 8, 'Ny.Popong', ''),
(361, 8, 'nn.Syahilla', ''),
(362, 17, 'Ny.Oey tjing sien', ''),
(363, 17, 'Tn.Yoyong', ''),
(364, 18, 'Mudiarti', '0818224924'),
(365, 25, 'aa', '956r434'),
(548, 17, 'nn.Livia', ''),
(367, 17, 'Ny.Ferry', ''),
(368, 17, 'Tn.Elvin', ''),
(369, 15, 'nn.Yoanita', ''),
(370, 15, 'Tn.William', ''),
(371, 9, 'nungki', '123'),
(372, 17, 'Jeffrey', ''),
(373, 17, 'Jeremy', ''),
(374, 17, 'Tn.Stefanus', ''),
(375, 17, 'Tn.Tommy', ''),
(376, 18, 'sharfina faradiba', '0811204203'),
(377, 17, 'Tn.Suheri', ''),
(378, 17, 'Ny.Sienny', ''),
(379, 17, 'Ny.Melawati', ''),
(380, 17, 'nn.Chatrin', ''),
(381, 18, 'Puka OSmile', ''),
(382, 17, 'Tn.Freddy', ''),
(383, 17, 'Ny.Glory', ''),
(384, 17, 'Ny.Grace', ''),
(385, 17, 'Ny.Inge', ''),
(386, 17, 'Ny.Euis', ''),
(387, 17, 'Tn.Yosef', ''),
(388, 17, 'Tn.William', ''),
(389, 17, 'Ny.Mellinda', ''),
(390, 18, 'Nurul Izzati', '08156164375'),
(391, 18, 'Purwono', '08156040343'),
(392, 18, 'Rosiana Basuki', '08122005300'),
(393, 18, 'drg.Hilda', '08122109412'),
(394, 8, 'Ny.Anne', ''),
(395, 8, 'Tn.Amin', ''),
(396, 18, 'Rivaldo Longkutoy', '082146448052'),
(397, 18, 'Mestika', '08112276084'),
(398, 18, 'A. Budi Susilo', '085664936680'),
(399, 18, 'Melisa winda', '081394661855'),
(400, 8, 'Tn.Hilman', ''),
(401, 8, 'Ny.Lanny', ''),
(402, 18, 'awandhana anggi osmile', ''),
(403, 18, 'Novita Utami D', '082114588982'),
(404, 18, 'Denaz Arfiano A', '081212012013'),
(405, 18, 'Suharti', '08122046763'),
(406, 18, 'Rochman Suhada', '081221313282'),
(407, 18, 'Zio', '08112258249'),
(408, 18, 'Adjeng Kristinawati', '087822521801'),
(409, 18, 'Andreas Hirawan', '08122303389'),
(410, 18, 'Aileen', '083821488842'),
(411, 18, 'Neni y', '0811236156 /081214919670'),
(412, 18, 'Andrew Gregovic', '081220908226'),
(413, 18, 'Mellyana K', '08122138744'),
(414, 18, 'Yusuf Arifin', '0811200866'),
(415, 18, 'Nanda Tiandra', '081321040963'),
(416, 18, 'Said', '08112211500 / 0811202099'),
(417, 18, 'Puja Pramudya', '085265204094'),
(419, 18, 'Harie', '0811234109'),
(420, 18, 'Misheline widjaja', '08122048900'),
(421, 18, 'Deni Kustia', '087722100350'),
(422, 18, 'Nugraha Dian P', '085267551910'),
(423, 18, 'Athalia Kamil', ''),
(424, 18, 'rya', '0818823455 / 089652529981'),
(425, 18, 'emmyr fadillah moeis', '08112211345'),
(426, 18, 'nuning', ''),
(427, 17, 'Ny.Vika', ''),
(428, 17, 'Ny.Ribkah', ''),
(429, 17, 'Ny.Ane', ''),
(430, 17, 'Ny.Tan ing sang', ''),
(431, 17, 'Ny.Evi', ''),
(432, 17, 'Tn.Bebeng', ''),
(433, 17, 'Tn.Belly', ''),
(434, 17, 'Ny.Stephanie', ''),
(435, 17, 'Tn.Erwin', ''),
(436, 17, 'Tn.Mulyadi', ''),
(437, 8, 'nn.Ghina', ''),
(438, 17, 'Tn.Takuma', ''),
(439, 17, 'Tn.Ie sien', ''),
(440, 18, 'Barita', '085253246551'),
(441, 17, 'Tn.Piet', ''),
(442, 17, 'Ny.Ikah', ''),
(443, 17, 'Tn.Zahir', ''),
(444, 17, 'Tn.Wisnu', ''),
(445, 17, 'Tn.Chandra', ''),
(446, 17, 'Tn.Ruly', ''),
(447, 17, 'Rayner', ''),
(448, 17, 'Ny.Aisyah', ''),
(449, 17, 'Ny.Fung-fung', ''),
(450, 17, 'Tn.Stanley', ''),
(451, 17, 'Farel', ''),
(452, 18, 'Pipit Arnas', '082117166616 / 081910622517'),
(453, 18, 'Maria Benita', '08157008422'),
(454, 18, 'Alexandra Sugiri', '022-2010411 / 081802194255'),
(455, 17, 'Ny.Nani', ''),
(456, 17, 'Tn.Wijaya', ''),
(457, 18, 'Sabrina Farizky S', '0811854598'),
(458, 15, 'Ny.Linda', ''),
(459, 17, 'Tn.Christ', ''),
(460, 17, 'Tn.Asep', ''),
(461, 15, 'nn.Jeselyn', ''),
(462, 15, 'Gideon', ''),
(463, 17, 'Tn.Amin', ''),
(464, 17, 'Tn.Benny', ''),
(465, 17, 'Ny.Titin', ''),
(466, 17, 'Tn.Nandang', ''),
(467, 3, 'zeee', '2233'),
(468, 18, 'Emmir Fadillah M', '08112211345'),
(469, 17, 'Tn.Kun-kun', ''),
(470, 17, 'Ny.Kun-kun', ''),
(471, 18, 'Yussy Afriani Dewi', '08112272773 / 087825554'),
(472, 18, 'Triyoga Herrudito', '081322256268'),
(473, 18, 'Happy Bone', '0811177867'),
(474, 18, 'Novianti', '085624174662'),
(475, 18, 'Iriyanti', '08122482770'),
(476, 17, 'Ny.Erlin', ''),
(477, 17, 'Ny.Fenny', ''),
(478, 17, 'Tn.Rudy', ''),
(479, 17, 'Ivan', ''),
(480, 18, 'Iit Sartika', '085265218820'),
(481, 18, 'Andonowati', '08121476946'),
(482, 17, 'Tn.Robby', ''),
(483, 17, 'nn.Yulia', ''),
(484, 17, 'Tn.Rudi', ''),
(485, 17, 'Tn.Dada', ''),
(486, 8, 'Tn.Aryanto', ''),
(487, 8, 'Ny.Marlisa', ''),
(488, 17, 'Nu.Ani', ''),
(489, 17, 'Tn.Iwan', ''),
(490, 17, 'Tn.Bambang', ''),
(491, 18, 'Zahra Shafira R', '081586299341'),
(492, 17, 'Ny.Liliani', ''),
(493, 17, 'Ny.Lucy', ''),
(494, 17, 'Tn.Ardi lukita', ''),
(495, 18, 'Bani', '0811206102'),
(496, 18, 'Kenzi', '085265218820'),
(497, 18, 'syifa herning f', '081295902345'),
(498, 17, 'Tn.Eddy', ''),
(499, 17, 'Tn.Ilham', ''),
(500, 17, 'Ny.Lily', ''),
(501, 18, 'Tatang', '085265218820'),
(502, 8, 'Ny.Poppy', ''),
(503, 17, 'Ny.Ani', ''),
(504, 17, 'Tn.Robert', ''),
(505, 17, 'Ny.Indri', ''),
(506, 18, 'drg.Ellis wendalis', '081320387955 / 08122382377'),
(509, 18, 'Hamdi', '08585483733'),
(507, 17, 'Ny.Indriyani', ''),
(508, 17, 'Tn.Liaw tjie yan', ''),
(510, 18, 'Brenny Van Groesen', '081321069468'),
(511, 18, 'Tjatja Kuswara', '08122352358'),
(512, 17, 'Tn.Michael', ''),
(513, 17, 'Tn.Yusuf', ''),
(514, 18, 'Lina', '92459044 / 0819400284'),
(515, 18, 'Firyal Nabila Ridfani', '08128989893'),
(516, 18, 'Wenda', '081573537164 / 08132274007'),
(517, 17, 'nn.Melina', ''),
(518, 17, 'Ny.Muljati', ''),
(519, 18, 'Nunu Iman', '08122115907'),
(520, 15, 'Tn.Benny', ''),
(521, 15, 'nn.Nur afifah', ''),
(522, 17, 'Tn.Hendra', ''),
(523, 17, 'Ny.Herlina', ''),
(524, 17, 'Tn.Arif', ''),
(525, 17, 'Tn.Asep nana', ''),
(526, 8, 'Tn.Tjan kim weng', ''),
(527, 8, 'Tn.William', ''),
(528, 18, 'An Nianingrum', '0811224797'),
(529, 18, 'Erika Kresnadhiany', '08561222280 / 085697031860'),
(530, 18, 'drg.Ratih', ''),
(531, 18, 'Blasius', '081223391995'),
(532, 17, 'Tn.Kristianto', ''),
(533, 17, 'Tn.Arga', ''),
(534, 17, 'Tn.Pandi', ''),
(535, 17, 'Ny.Erna', ''),
(536, 17, 'Tn.Pendi', ''),
(537, 17, 'Tn.Budiman', ''),
(538, 18, 'Emira Monaliza', '08122047878'),
(539, 8, 'Ny.Nansy', ''),
(540, 17, 'Ny.Ratih', ''),
(541, 17, 'Tn.Yudi', ''),
(542, 17, 'Ny.Marlina', ''),
(543, 17, 'Ny.Yuni', ''),
(544, 17, 'nn.Eva', ''),
(545, 17, 'Ny.Vhey', ''),
(546, 17, 'Ny.Teng ay giok', ''),
(547, 8, 'Tn.Wisnu', ''),
(549, 18, 'Natalia', '081321565466'),
(550, 18, 'Wiwin Riswanti', '085624999917'),
(551, 17, 'Ny.Sukma', ''),
(552, 17, 'Tn.Ahong', ''),
(553, 17, 'Tn.H. Toto', ''),
(554, 17, 'Ny.Harsini', ''),
(555, 17, 'Tn.Jhonny', ''),
(556, 17, 'Ny.Ho mei ing', ''),
(557, 17, 'Ny.Anny', ''),
(558, 17, 'Ny.Emmy', ''),
(559, 17, 'Tn.Ikun', ''),
(560, 17, 'Ny.Achun', ''),
(561, 17, 'Tn.Ivan', ''),
(562, 17, 'Ny.Ecin', ''),
(563, 8, 'Sulaeman', ''),
(564, 9, 'Sito', '0817611512'),
(565, 9, 'setio', '087830140762'),
(566, 9, 'saerawati', '081320678087'),
(567, 9, 'Lidya', ''),
(568, 9, 'dr nurul', ''),
(569, 17, 'Tn.Wong tjaw liong', ''),
(570, 17, 'Ny.Tjoeng tjian fa', ''),
(571, 18, 'Dwi Hendratmo W', '081321361535'),
(572, 18, 'Riny Herliany', '085608561313'),
(573, 17, 'Ny.Gita', ''),
(574, 17, 'nn.Carlenska', ''),
(575, 17, 'Ny.Chrisna', ''),
(576, 18, 'Datin', '085720138099'),
(577, 17, 'Ny.Petricia', ''),
(578, 17, 'Ny.Tommy', ''),
(579, 17, 'nn.Sheny', ''),
(580, 17, 'Tn.Edwin', ''),
(581, 8, 'Ny.Tommy', ''),
(582, 8, 'nn.Dini', ''),
(583, 8, 'nn.Christabella', ''),
(584, 17, 'nn.Christabella', ''),
(585, 8, 'Ny.Kartini', ''),
(586, 8, 'Tn.Sonny', ''),
(587, 18, 'Dimas', '08122320910'),
(588, 18, 'Erni Rosniawati', '08122335462'),
(589, 10, 'Ibu Linda', '0832224245'),
(590, 10, 'Pak Sofyan', '0852526181818'),
(591, 10, 'Pak Arnold', '08232828299'),
(592, 10, 'Ibu Siti', '081717171717'),
(593, 10, 'Pak Amin', '092929292'),
(594, 10, 'Ibu Ina', '088282828282'),
(595, 10, 'Ibu Tari', '0881818181'),
(596, 10, 'Ibu Cita', '0080999999'),
(597, 10, 'jnjnjn ', 'iubibibi'),
(598, 10, 'knkkmkm', 'onon'),
(599, 8, 'Tn.Wijaya', ''),
(600, 18, 'Kelvin', '081233313151'),
(601, 18, 'Keiza', '082129000028'),
(602, 18, 'Hellen', '082216665625'),
(603, 18, 'Anna Meilina', '081573202088'),
(604, 17, 'Ny.Russy', ''),
(605, 17, 'Ny.Anna', ''),
(606, 15, 'Ethan', ''),
(607, 15, 'Ny.Glory', ''),
(608, 8, 'Ny.Glory', ''),
(609, 18, 'Tasya', '081294058140 / 08214588982'),
(610, 18, 'Sisca', '087722161668 / 08112199099'),
(611, 17, 'Ny.Maryatun', ''),
(612, 17, 'Ny.Waty', ''),
(613, 17, 'Ny.Nia', ''),
(615, 18, 'Oki Fahrezi', '081322321982'),
(616, 18, 'Jainah', '085248154004'),
(617, 18, 'Kallista Andjani', '082129000028 / 082129000038'),
(618, 18, 'Hendra Thomas', '0811208171'),
(619, 17, 'nn.Melisa', ''),
(620, 17, 'Ny.The siu mey', ''),
(621, 17, 'Tn.H. Abdurahman', ''),
(622, 17, 'Ny.Lani', ''),
(623, 17, 'nn.Wendy', ''),
(624, 18, 'Lucky Soeryo', '0818228787'),
(625, 18, 'Christyfani', '085708958091'),
(626, 18, 'Pratiwi Dessy', '081222234599'),
(627, 15, 'nn.Melisa', ''),
(628, 17, 'Ny.Wati', ''),
(629, 17, 'Tn.Harijanto', ''),
(630, 17, 'Ny.Lo Tjew sien', ''),
(631, 17, 'Tn.Dedi', ''),
(632, 17, 'Ny.Saripah', ''),
(633, 17, 'Tn.Wirawan', ''),
(634, 17, 'Tn.Afen', ''),
(635, 17, 'Tn.Alvin', ''),
(636, 17, 'Ny.Chen fu ing', ''),
(637, 15, 'Ny.Magdalena', ''),
(638, 15, 'nn.Anne', ''),
(639, 8, 'Ny.Magdalena', ''),
(640, 8, 'Ny.Lani', ''),
(641, 17, 'Ny.Heryanti', ''),
(642, 17, 'Tn.Gunawan', ''),
(643, 18, 'Wiesye Fianne', '08156114093 / 085752170483'),
(644, 18, 'Siti Januwiati', '08179260468'),
(645, 18, 'Nickodemus', '081321330555'),
(646, 18, 'Siauwtjing', '08122005384'),
(647, 18, 'Silvana halim', '08122099958'),
(648, 18, 'setiabudi', '0811240200'),
(649, 18, 'Keren kezia saputra', '082121204458'),
(650, 18, 'Farita saraswati', '081214919670'),
(651, 18, 'Dewi yuniarti', '087743632333'),
(652, 17, 'Tn.Rusli', ''),
(653, 17, 'nn.Melissa', ''),
(654, 17, 'Tn.Anton', ''),
(655, 15, 'nn.Karlina', ''),
(656, 18, 'Budi Yuwono', '02285240268 / 02270263520'),
(657, 18, 'Rudi indriawan', '0817724229'),
(658, 18, 'Festi', '081322103909 / 081320793284'),
(659, 8, 'Ny.Shairly', ''),
(660, 8, 'nn.Karlina', ''),
(661, 8, 'Ny.Indri', '');

-- --------------------------------------------------------

--
-- Struktur dari tabel `recall_time`
--

CREATE TABLE IF NOT EXISTS `recall_time` (
`id` int(11) NOT NULL,
  `id_doctor` int(11) NOT NULL,
  `id_patient` int(11) NOT NULL,
  `week` int(11) NOT NULL,
  `month` int(11) NOT NULL,
  `year` int(11) NOT NULL,
  `status` int(11) NOT NULL DEFAULT '0' COMMENT '0 - unconfirmed, 1 - confirmed, 2 - canceled',
  `baseline` int(255) unsigned NOT NULL DEFAULT '0' COMMENT 'baseline adalah convert untuk month, year, dan status ke unix time agar kemudian bisa dibandingkan, karena sebenarnya ini mirip dengan persoalan perbandingan tanggal'
) ENGINE=MyISAM  DEFAULT CHARSET=latin1 AUTO_INCREMENT=522 ;

--
-- Dumping data untuk tabel `recall_time`
--

INSERT INTO `recall_time` (`id`, `id_doctor`, `id_patient`, `week`, `month`, `year`, `status`, `baseline`) VALUES
(516, 3, 7, 4, 2, 2015, 0, 1423004400),
(517, 3, 7, 4, 2, 2016, 0, 1454540400),
(518, 3, 7, 1, 3, 2015, 0, 1425164400),
(519, 3, 7, 4, 1, 2015, 0, 1420326000),
(520, 3, 7, 3, 2, 2015, 0, 1422918000),
(521, 3, 7, 1, 3, 2015, 0, 1425164400);

-- --------------------------------------------------------

--
-- Struktur dari tabel `schedule`
--

CREATE TABLE IF NOT EXISTS `schedule` (
`id` int(11) NOT NULL,
  `patient_name` varchar(255) NOT NULL,
  `schedule_date` date NOT NULL,
  `start_time` int(11) NOT NULL,
  `end_time` int(11) NOT NULL,
  `id_doctor` varchar(255) NOT NULL
) ENGINE=MyISAM  DEFAULT CHARSET=latin1 AUTO_INCREMENT=1806 ;

--
-- Dumping data untuk tabel `schedule`
--

INSERT INTO `schedule` (`id`, `patient_name`, `schedule_date`, `start_time`, `end_time`, `id_doctor`) VALUES
(6, 'Yahoo', '2014-08-18', 5, 6, '3'),
(8, 'Riandy Rahman Nugraha', '2014-08-18', 3, 7, '3'),
(9, 'Riandy Rahman Nugraha', '2014-08-18', 3, 7, '3'),
(13, 'Michael Dwianto Nirwan', '2014-09-25', 0, 3, '4'),
(14, 'Yuhu', '2014-09-25', 4, 7, '4'),
(15, 'Yuhu', '2014-09-30', 0, 2, '4'),
(16, 'Yuhu', '2014-09-29', 0, 1, '4'),
(299, 'Ny.Maria', '2014-11-06', 24, 25, '17'),
(21, 'ma', '2014-09-29', 1, 5, '5'),
(22, 'ma', '2014-09-29', 1, 5, '5'),
(23, 'kaka', '2014-10-07', 0, 2, '6'),
(24, 'ma', '2014-09-29', 7, 8, '5'),
(25, 'mo', '2014-09-29', 7, 8, '5'),
(26, 'mo', '2014-09-30', 1, 2, '5'),
(38, 'Riandy Rahman Nugraha', '2014-10-02', 4, 6, '3'),
(39, 'Yahoo', '2014-10-02', 3, 7, '3'),
(40, 'i', '2014-10-01', 8, 10, '7'),
(129, 'Tn.Henry', '2014-10-23', 25, 26, '17'),
(42, 'C', '2014-09-30', 15, 16, '7'),
(44, 'Zacky', '2014-10-02', 24, 25, '8'),
(128, 'Ny.Fanny', '2014-10-23', 24, 25, '17'),
(127, 'Mike', '2014-10-23', 12, 16, '10'),
(298, 'Ny.Arini', '2014-11-06', 23, 24, '17'),
(126, 'Mike', '2014-10-22', 28, 30, '10'),
(58, 'Riandy Rahman Nugraha', '2014-10-06', 3, 6, '3'),
(83, 'ny.shopy', '2014-10-21', 23, 24, '15'),
(297, 'Ny.Cut oktavia', '2014-11-06', 22, 23, '17'),
(125, 'Pak Simon', '2014-10-22', 16, 20, '10'),
(59, 'Lala', '2014-10-07', 8, 9, '7'),
(60, 'Beta', '2014-10-07', 9, 11, '7'),
(61, 'Riandy Rahman Nugraha', '2014-10-08', 4, 7, '3'),
(62, 'Mike', '2014-10-08', 1, 3, '10'),
(64, 'Mike', '2014-10-08', 6, 8, '10'),
(82, 'nn. Anggia', '2014-10-21', 22, 23, '15'),
(81, 'nn.Fanny', '2014-10-21', 21, 22, '15'),
(296, 'Ricky', '2014-11-06', 21, 22, '17'),
(69, 'Rostiana', '2014-10-09', 6, 8, '8'),
(70, 'Silviana', '2014-10-09', 22, 23, '8'),
(71, 'Linda', '2014-10-09', 23, 24, '8'),
(294, 'Tn.Durmi', '2014-11-05', 28, 29, '17'),
(73, 'Beta', '2014-10-10', 8, 10, '7'),
(74, 'Riandy Rahman Nugraha', '2014-10-21', 3, 5, '3'),
(79, 'ada', '2014-10-14', 5, 6, '16'),
(124, 'Ibu Ratna', '2014-10-22', 4, 6, '10'),
(295, 'Ny.Linda', '2014-11-06', 20, 21, '17'),
(84, 'nn.Ellen', '2014-10-21', 25, 26, '15'),
(85, 'Hardi', '2014-10-21', 26, 27, '15'),
(86, 'nn.Anabel', '2014-10-21', 27, 28, '15'),
(87, 'ny.Dede', '2014-10-22', 21, 22, '8'),
(93, 'Tn.Budi', '2014-10-21', 20, 21, '17'),
(351, 'Siaty Cendranata ( ny tomy )', '2014-11-10', 22, 24, '18'),
(90, 'nn.Ivana', '2014-10-23', 21, 22, '15'),
(91, 'nn.monica', '2014-10-23', 22, 23, '15'),
(92, 'nn.Anissa', '2014-10-23', 25, 26, '15'),
(94, 'Ny. Heriawati', '2014-10-21', 21, 22, '17'),
(95, 'Tn.Kusnadi', '2014-10-21', 22, 23, '17'),
(96, 'Tn.Wong kan doeh', '2014-10-21', 23, 24, '17'),
(97, 'Ny.Yong siu tjen', '2014-10-21', 24, 25, '17'),
(98, 'Desmonda', '2014-10-21', 25, 26, '17'),
(99, 'Ny.Lili', '2014-10-21', 26, 27, '17'),
(100, 'Ny.Oey an hoa', '2014-10-21', 27, 28, '17'),
(101, 'Ny.Lilian', '2014-10-21', 28, 29, '17'),
(102, 'Tn.Kurniawan', '2014-10-22', 20, 21, '17'),
(103, 'Tn.Yoen', '2014-10-22', 21, 22, '17'),
(104, 'Tn.Unang', '2014-10-22', 22, 23, '17'),
(105, 'Ny.Heyi', '2014-10-22', 23, 24, '17'),
(106, 'Tn.Tira', '2014-10-22', 24, 25, '17'),
(107, 'nn.Vanesa', '2014-10-22', 25, 26, '17'),
(108, 'Ny.Felicia', '2014-10-22', 26, 27, '17'),
(109, 'Ny.Ratna', '2014-10-22', 27, 28, '17'),
(110, 'Ny.Paulina', '2014-10-22', 28, 29, '17'),
(111, 'Yury', '2014-10-24', 20, 22, '17'),
(112, 'Ny.Vivi', '2014-10-24', 22, 23, '17'),
(113, 'Ny.Vonny', '2014-10-24', 23, 24, '17'),
(114, 'Ny.Lidya', '2014-10-24', 24, 25, '17'),
(115, 'Ny.Farida', '2014-10-24', 25, 26, '17'),
(116, 'Tn.Hendri', '2014-10-24', 26, 27, '17'),
(117, 'Ny.Lilian', '2014-10-23', 23, 24, '17'),
(118, 'Ny.Lusiana', '2014-10-23', 26, 27, '17'),
(119, 'Ny.Lisa', '2014-10-21', 28, 29, '17'),
(120, 'Tn.Aris', '2014-10-21', 27, 28, '17'),
(121, 'Ny.Linda', '2014-10-21', 30, 31, '17'),
(122, 'Tn.David', '2014-10-21', 23, 24, '17'),
(123, 'Ny.Oey an hoa', '2014-10-23', 21, 22, '17'),
(130, 'Ny.Oey an hoa', '2014-10-24', 27, 28, '17'),
(131, 'Ny.Ninon', '2014-10-23', 27, 28, '17'),
(132, 'Tn.Aris', '2014-10-24', 28, 29, '17'),
(133, 'Ny.Lenny', '2014-10-24', 29, 30, '17'),
(134, 'Riandy Rahman Nugraha', '2014-10-23', 99, 99, '3'),
(290, 'Tn.Jimmy', '2014-11-05', 27, 28, '17'),
(137, 'Riandy Rahman Nugraha', '2014-10-24', 99, 99, '3'),
(138, 'drone', '2014-10-24', 7, 9, '3'),
(139, 'Riandy Rahman Nugraha', '2014-10-24', 99, 99, '3'),
(140, 'Tn.Miki', '2014-10-27', 20, 21, '17'),
(141, 'Tn.Erick', '2014-10-27', 21, 22, '17'),
(142, 'Tn.Wong kan doeh', '2014-10-27', 22, 23, '17'),
(143, 'Tn.Felix', '2014-10-27', 23, 24, '17'),
(144, 'Tn.Tira', '2014-10-27', 24, 25, '17'),
(145, 'Ny.Rita', '2014-10-27', 25, 26, '17'),
(146, 'Ny.Fanny', '2014-10-27', 26, 27, '17'),
(147, 'nn.Rina', '2014-10-27', 27, 28, '17'),
(148, 'nn.Eha', '2014-10-27', 28, 29, '17'),
(149, 'Ny.Anna', '2014-10-27', 22, 23, '8'),
(150, 'Ny.Linda', '2014-10-27', 23, 24, '8'),
(289, 'Ny.Ida', '2014-11-05', 26, 27, '17'),
(152, 'Tn.Budi', '2014-10-28', 20, 21, '17'),
(153, 'Ny.Melly', '2014-10-28', 21, 22, '17'),
(1651, 'Tn.Ridwan', '2015-02-09', 20, 21, '17'),
(1650, 'Tn.Unang', '2015-02-06', 29, 30, '17'),
(288, 'Tn.Johan', '2014-11-05', 25, 26, '17'),
(159, 'drone', '2014-10-26', 99, 99, '3'),
(160, 'Ny.Novi', '2014-10-29', 22, 23, '8'),
(161, 'Ny.Anna', '2014-10-29', 23, 24, '8'),
(162, 'Ny.Susan', '2014-10-28', 23, 24, '17'),
(163, 'Ny.Yong siu tjen', '2014-10-28', 24, 25, '17'),
(164, 'Desmonda', '2014-10-28', 25, 26, '17'),
(165, 'Tn.Kusnadi', '2014-10-28', 26, 27, '17'),
(166, 'Ny.Lisa', '2014-10-28', 27, 28, '17'),
(167, 'Tn.Hanafi', '2014-10-28', 28, 29, '17'),
(168, 'Tn.Kurniawan', '2014-10-29', 20, 21, '17'),
(169, 'Tn.Yoen', '2014-10-29', 21, 22, '17'),
(170, 'Ny.Heyi', '2014-10-29', 22, 23, '17'),
(171, 'Ny.Imas', '2014-10-29', 23, 24, '17'),
(172, 'Ny.Tan lie lan', '2014-10-29', 24, 25, '17'),
(173, 'nn.Vanesa', '2014-10-29', 25, 26, '17'),
(174, 'Ny.Lusiana', '2014-10-29', 26, 27, '17'),
(175, 'Ny.Linda', '2014-10-30', 20, 21, '17'),
(176, 'Tn.Indra', '2014-10-30', 21, 22, '17'),
(177, 'Ny.Lilian', '2014-10-30', 22, 23, '17'),
(178, 'Tn.Liong', '2014-10-30', 23, 24, '17'),
(287, 'irfansyah', '2014-11-05', 24, 25, '17'),
(181, 'jsjajajs', '2014-10-27', 8, 9, '7'),
(182, 'nn.Audrey', '2014-10-28', 21, 22, '15'),
(183, 'nn.monica', '2014-10-28', 22, 23, '15'),
(184, 'Tn.Erwin', '2014-10-28', 23, 24, '15'),
(185, 'Tn.Sulaiman', '2014-10-29', 21, 22, '15'),
(186, 'Tn.Sulaiman', '2014-10-28', 24, 25, '15'),
(187, 'Ny.Lie fong', '2014-10-29', 27, 28, '17'),
(188, 'Ny.Henny', '2014-10-29', 28, 29, '17'),
(189, 'nn.Jessica', '2014-10-30', 24, 25, '17'),
(190, 'Tn.Wong kan doeh', '2014-10-30', 25, 26, '17'),
(191, 'Tn.Rivo', '2014-10-30', 26, 27, '17'),
(192, 'Ny.Maria', '2014-10-31', 20, 21, '17'),
(193, 'Ny.Lidya', '2014-10-31', 21, 22, '17'),
(194, 'Ny.Vonny', '2014-10-31', 22, 23, '17'),
(195, 'Ny.Heyi', '2014-10-31', 23, 24, '17'),
(197, 'Mike', '2014-10-29', 8, 10, '10'),
(198, 'Riandy Rahman Nugraha', '2014-10-29', 99, 99, '3'),
(199, 'Ny.Tan lie lan', '2014-10-31', 24, 25, '17'),
(200, 'Tn.Henry', '2014-10-31', 25, 26, '17'),
(201, 'Ny.Farida', '2014-10-31', 26, 27, '17'),
(202, 'Tn.Aris', '2014-10-31', 27, 28, '17'),
(203, 'Ny.Shany', '2014-10-31', 28, 29, '17'),
(204, 'Ny.Cut oktavia', '2014-10-30', 27, 28, '17'),
(205, 'Tn.Hanafi', '2014-10-30', 28, 29, '17'),
(206, 'Tn.Sukendar', '2014-11-03', 20, 21, '17'),
(207, 'Ny.Fanny', '2014-11-03', 21, 22, '17'),
(208, 'Ny. Heriawati', '2014-11-03', 22, 23, '17'),
(209, 'wwww', '2014-10-30', 99, 99, '3'),
(210, 'Riandy Rahman Nugraha', '2014-10-31', 5, 8, '3'),
(286, 'Tn.Wong kan doeh', '2014-11-05', 23, 24, '17'),
(212, 'Tn.Erwin', '2014-10-30', 24, 25, '15'),
(213, 'Ny.Abbas', '2014-10-30', 6, 8, '8'),
(214, 'Tn.Yoen', '2014-11-03', 23, 24, '17'),
(215, 'Ny.Henny', '2014-11-03', 24, 25, '17'),
(216, 'irfansyah', '2014-11-03', 25, 26, '17'),
(218, 'Tn.Liong', '2014-11-03', 26, 27, '17'),
(219, 'Ny.Heuw lie fong', '2014-11-03', 27, 28, '17'),
(220, 'Ny.Lisa', '2014-11-03', 28, 29, '17'),
(221, 'ny.Dede', '2014-10-31', 22, 23, '8'),
(802, 'Ny.Lianty', '2014-12-11', 21, 22, '17'),
(224, 'Brandan', '2014-11-03', 22, 23, '8'),
(225, 'Nn.Endah', '2014-11-03', 23, 24, '8'),
(227, 'jdhd', '2014-11-01', 99, 99, '7'),
(285, 'Tn.Andreas', '2014-11-05', 22, 23, '17'),
(229, 'mike', '2014-11-01', 3, 5, '20'),
(309, 'Tn.Heryanto', '2014-11-07', 23, 24, '17'),
(279, 'Tn.Yoen', '2014-11-05', 20, 21, '17'),
(233, 'Ny.Tjhie siaw tjen', '2014-11-04', 20, 21, '17'),
(234, 'Ny.Melly', '2014-11-04', 21, 22, '17'),
(1649, 'Ny.Maria', '2015-02-06', 24, 25, '17'),
(236, 'Tn.Iskandar', '2014-11-04', 23, 24, '17'),
(237, 'Ny.Yong siu tjen', '2014-11-04', 24, 25, '17'),
(238, 'nn.Okta', '2014-11-04', 25, 26, '17'),
(239, 'Tn.Kusnadi', '2014-11-04', 26, 27, '17'),
(240, 'Tn.Hanafi', '2014-11-04', 27, 28, '17'),
(241, 'nn.Fanny', '2014-11-04', 21, 22, '15'),
(242, 'nn.Hanna', '2014-11-04', 22, 23, '15'),
(243, 'Tn.Ricky', '2014-11-04', 23, 24, '15'),
(244, 'Tn.Sulaiman', '2014-11-04', 24, 25, '15'),
(245, 'Tn.Erwin', '2014-11-04', 25, 26, '15'),
(797, 'Pruni', '2014-12-12', 16, 18, '18'),
(247, 'nn.Mega', '2014-11-06', 22, 23, '15'),
(248, 'Hardi', '2014-11-06', 23, 24, '15'),
(249, 'nn.Samantha', '2014-11-06', 24, 25, '15'),
(293, 'Wesley', '2014-11-05', 22, 23, '8'),
(292, 'nn.Anissa', '2014-11-06', 25, 26, '15'),
(253, 'nn.Ellen', '2014-11-04', 26, 27, '15'),
(308, 'Yunni Meliashari', '2014-11-05', 28, 30, '18'),
(306, 'Tubagus Avip', '2014-11-05', 22, 24, '18'),
(305, 'Yvvone Suryo', '2014-11-05', 20, 22, '18'),
(304, 'Yoanita', '2014-11-05', 18, 20, '18'),
(260, 'Eddy sugiri', '2014-11-04', 14, 16, '18'),
(261, 'Yvvone Suryo', '2014-11-04', 16, 18, '18'),
(262, 'Tubagus Avip', '2014-11-04', 18, 20, '18'),
(263, 'Shella Cynthya', '2014-11-04', 20, 22, '18'),
(264, 'Junida', '2014-11-04', 22, 24, '18'),
(266, 'M. Rijal', '2014-11-04', 24, 26, '18'),
(267, 'ff6', '2014-11-04', 99, 99, '7'),
(268, 'ff6', '2014-11-04', 99, 99, '7'),
(269, 'ff6', '2014-11-04', 99, 99, '7'),
(270, 'Astirisha Utami', '2014-11-04', 26, 28, '18'),
(271, 'ggh', '2014-11-04', 99, 99, '7'),
(324, 'Justine Yuwono', '2014-11-06', 14, 16, '18'),
(274, 'Yan Ardi Bermawi', '2014-11-06', 16, 20, '18'),
(275, 'Susi Mulyanawati', '2014-11-06', 22, 24, '18'),
(325, 'Rika Pane', '2014-11-06', 24, 26, '18'),
(277, 'Anthoni Cahyadi', '2014-11-06', 26, 28, '18'),
(307, 'Ageolina Uria', '2014-11-05', 24, 26, '18'),
(280, 'Tn.Ridwan', '2014-11-05', 21, 22, '17'),
(354, 'Arifin Wendi', '2014-11-10', 26, 27, '18'),
(393, 'Heni Agustiani', '2014-11-11', 22, 24, '18'),
(283, 'Nuurin', '2014-11-11', 26, 28, '18'),
(300, 'Ny.Lanny', '2014-11-06', 25, 26, '17'),
(301, 'Ny.Lidya', '2014-11-07', 20, 21, '17'),
(302, 'Ny.Vonny', '2014-11-07', 21, 22, '17'),
(303, 'Yury', '2014-11-07', 22, 23, '17'),
(310, 'Ny.Tan lie lan', '2014-11-07', 24, 25, '17'),
(311, 'Tn.Aris', '2014-11-07', 25, 26, '17'),
(312, 'Ny.Farida', '2014-11-07', 26, 27, '17'),
(313, 'Tn.Kusnadi', '2014-11-07', 27, 28, '17'),
(314, 'Ratna Dewi', '2014-11-06', 20, 22, '18'),
(315, 'Ny.Herniaty', '2014-11-05', 24, 25, '8'),
(316, 'Ny.Abbas', '2014-11-06', 6, 7, '8'),
(317, 'Tn.Erwin', '2014-11-06', 26, 27, '15'),
(318, 'Tn.Sulaiman', '2014-11-06', 27, 28, '15'),
(319, 'Tn.H.M Ramli', '2014-11-06', 26, 27, '17'),
(320, 'Ny.Yulianti', '2014-11-06', 27, 28, '17'),
(321, 'Ny.Lisa', '2014-11-06', 28, 29, '17'),
(322, 'ny.Dede', '2014-11-07', 21, 22, '8'),
(323, 'Ny.Novi', '2014-11-07', 22, 23, '8'),
(326, 'Mike', '2014-11-06', 6, 8, '10'),
(327, 'mama', '2014-11-06', 9, 11, '7'),
(333, 'Zayyan', '2014-11-08', 14, 17, '21'),
(330, 'Tn.Joe daniel', '2014-11-07', 28, 29, '17'),
(331, 'Tn.Joe daniel', '2014-11-07', 28, 29, '17'),
(332, 'Dawan Firdaus', '2014-11-07', 99, 99, '11'),
(334, 'Ilma', '2014-11-08', 8, 10, '21'),
(335, 'Mugi', '2014-11-29', 6, 8, '21'),
(336, 'Umar', '2014-11-11', 6, 10, '21'),
(337, 'Tn.Sukendar', '2014-11-10', 20, 21, '17'),
(338, 'Ny.Heriawati', '2014-11-10', 21, 22, '17'),
(339, 'Ny.Cucu', '2014-11-10', 22, 23, '17'),
(340, 'Tn.Joe daniel', '2014-11-10', 23, 24, '17'),
(341, 'Tn.Johan', '2014-11-10', 24, 25, '17'),
(342, 'Ny.Juarni', '2014-11-10', 25, 26, '17'),
(343, 'Tn.Iskandar', '2014-11-10', 26, 27, '17'),
(344, 'Ny.Heuw lie fong', '2014-11-10', 27, 28, '17'),
(345, 'Tn.Edward', '2014-11-10', 28, 29, '17'),
(346, 'Ny.Lisa', '2014-11-10', 29, 30, '17'),
(347, 'Ny.Sherlyn', '2014-11-07', 23, 24, '8'),
(348, 'Wesley', '2014-11-10', 23, 24, '8'),
(349, 'Brandan', '2014-11-10', 24, 25, '8'),
(350, 'Ny.Linda', '2014-11-10', 25, 26, '8'),
(352, 'Renny Juliati Jahja', '2014-11-10', 24, 25, '18'),
(353, 'Alin', '2014-11-10', 25, 26, '18'),
(355, 'Heni Agustiani', '2014-11-10', 27, 28, '18'),
(356, 'Salma', '2014-11-10', 99, 99, '16'),
(357, 'Alysa', '2014-11-10', 99, 99, '16'),
(358, 'Amalia amel', '2014-11-10', 99, 99, '16'),
(359, 'Salma', '2014-11-10', 22, 23, '16'),
(360, 'Ny.Susan', '2014-11-11', 20, 21, '17'),
(361, 'Ny.Linda', '2014-11-11', 21, 22, '17'),
(362, 'Tn.Ronald', '2014-11-11', 22, 23, '17'),
(363, 'Tn.Tan weng kiong', '2014-11-11', 23, 24, '17'),
(377, 'Tn.Reza', '2014-11-11', 27, 28, '17'),
(365, 'Desmonda', '2014-11-11', 24, 25, '17'),
(366, 'Tn.Hanafi', '2014-11-11', 25, 26, '17'),
(367, 'Tn.Kusnadi', '2014-11-11', 26, 27, '17'),
(368, 'Andi Yuliestiono', '2014-11-11', 14, 16, '18'),
(369, 'Adiyatma ', '2014-11-11', 16, 18, '18'),
(370, 'Muhammad Ramadhan Irfansyah', '2014-11-11', 18, 20, '18'),
(371, 'Meilina Sari', '2014-11-11', 20, 22, '18'),
(373, 'nn.Audrey', '2014-11-11', 21, 22, '15'),
(374, 'nn.Alisa', '2014-11-11', 22, 23, '15'),
(375, 'nn.Hanna', '2014-11-11', 23, 24, '15'),
(798, 'M. Arsyad Ghani', '2014-12-12', 18, 20, '18'),
(378, 'Ny.Shany', '2014-11-11', 28, 29, '17'),
(379, 'Tn.Johan', '2014-11-11', 29, 30, '17'),
(380, 'Tn.Sulaiman', '2014-11-11', 25, 26, '15'),
(381, 'miranti', '2014-11-10', 99, 99, '9'),
(382, 'Ny.Ruly', '2014-11-13', 21, 22, '15'),
(383, 'vigi', '2014-11-10', 99, 99, '9'),
(384, 'Ny.angelia', '2014-11-13', 22, 23, '15'),
(385, 'nn.monica', '2014-11-13', 23, 24, '15'),
(386, 'Ny.Mellisa', '2014-11-13', 24, 25, '15'),
(387, 'Tn.Husen', '2014-11-13', 20, 21, '17'),
(388, 'Ricky', '2014-11-13', 21, 22, '17'),
(389, 'Ny.Arini', '2014-11-13', 22, 23, '17'),
(390, 'Ny.Ay cu', '2014-11-13', 23, 24, '17'),
(391, 'Ny.Maria', '2014-11-13', 24, 25, '17'),
(392, 'Yan Ardi Bermawi', '2014-11-11', 10, 12, '18'),
(394, 'Siaty Cendranata ( ny tomy )', '2014-11-11', 24, 26, '18'),
(395, 'Astirisha Utami', '2014-11-12', 14, 16, '18'),
(396, 'Monika Sugiri', '2014-11-12', 18, 20, '18'),
(397, 'Luigi Donati', '2014-11-12', 20, 24, '18'),
(398, 'Renny Juliati Jahja', '2014-11-12', 24, 26, '18'),
(413, 'Choirul Huda', '2014-11-12', 26, 28, '18'),
(412, 'Iwang Kowara', '2014-11-12', 16, 18, '18'),
(401, 'Ny.Tan tjay moy', '2014-11-12', 20, 21, '17'),
(402, 'Tn.Ridwan', '2014-11-12', 21, 22, '17'),
(403, 'Tn.Wong kan doeh', '2014-11-12', 22, 23, '17'),
(404, 'Tn.Binsar', '2014-11-12', 23, 24, '17'),
(405, 'Ny.Lusiana', '2014-11-12', 24, 25, '17'),
(406, 'Tn.Joe daniel', '2014-11-12', 25, 26, '17'),
(407, 'Ny.Lina', '2014-11-12', 26, 27, '17'),
(408, 'Ny.Vitasari', '2014-11-12', 27, 28, '17'),
(409, 'Ny.Silviana', '2014-11-12', 21, 22, '8'),
(410, 'Glenn', '2014-11-11', 26, 27, '15'),
(411, 'Tn.Sulaiman', '2014-11-13', 25, 26, '15'),
(414, 'Djoni Koesnandar', '2014-11-13', 16, 18, '18'),
(415, 'Esti Judhistira', '2014-11-13', 18, 20, '18'),
(416, 'Yoanita', '2014-11-13', 20, 22, '18'),
(417, 'Della Nurdwiani W', '2014-11-13', 22, 24, '18'),
(418, 'Siaty Cendranata ( ny tomy )', '2014-11-13', 24, 26, '18'),
(419, 'Hanif Arif', '2014-11-13', 26, 28, '18'),
(420, 'Ny.Tan tjay moy', '2014-11-13', 25, 26, '17'),
(421, 'Ny.Abbas', '2014-11-13', 6, 7, '8'),
(785, 'ggh', '2014-12-10', 99, 99, '7'),
(423, 'Putri Dwi Fenty', '2014-11-13', 14, 16, '18'),
(424, 'Tn.Ridwan', '2014-11-13', 26, 27, '17'),
(425, 'vigi', '2014-11-14', 22, 24, '9'),
(426, 'liem', '2014-11-14', 24, 26, '9'),
(427, 'yenny salim', '2014-11-14', 26, 27, '9'),
(428, 'indra gunawan', '2014-11-14', 27, 29, '9'),
(429, 'miranti', '2014-11-14', 30, 32, '9'),
(430, 'Krishna Nur Pribadi', '2014-11-14', 20, 22, '18'),
(431, 'Astirisha Utami', '2014-11-14', 22, 24, '18'),
(432, 'Arifin Wendi', '2014-11-14', 24, 26, '18'),
(433, 'Iwang Kowara', '2014-11-14', 26, 28, '18'),
(454, 'Erwin atmadja', '2014-11-14', 14, 16, '18'),
(435, 'Cicilia', '2014-11-14', 16, 18, '18'),
(436, 'Bambang', '2014-11-14', 18, 20, '18'),
(437, 'Choirul Huda', '2014-11-15', 10, 12, '18'),
(438, 'Meilina Sari', '2014-11-15', 12, 14, '18'),
(439, 'Man Zhang', '2014-11-15', 14, 16, '18'),
(440, 'Avriano R Tenda', '2014-11-15', 18, 20, '18'),
(442, 'Alin', '2014-11-15', 16, 18, '18'),
(443, 'Ny.Lisa', '2014-11-13', 27, 28, '17'),
(444, 'Ny.Vonny', '2014-11-14', 20, 21, '17'),
(457, 'Tn.Husen', '2014-11-14', 21, 22, '17'),
(446, 'Ny.Heyi', '2014-11-14', 22, 23, '17'),
(447, 'Tn.H.M Ramli', '2014-11-14', 23, 24, '17'),
(448, 'Ny.Tan lie lan', '2014-11-14', 24, 25, '17'),
(449, 'Ny.Farida', '2014-11-14', 25, 26, '17'),
(450, 'Ny.Lanny', '2014-11-14', 26, 27, '17'),
(451, 'Tn.Wong kan doeh', '2014-11-14', 27, 28, '17'),
(452, 'Ny.Dede', '2014-11-14', 22, 23, '8'),
(453, 'Tn.Christian', '2014-11-15', 6, 7, '8'),
(455, 'nn.Dhyani', '2014-11-14', 28, 29, '17'),
(456, 'Ny.Maria', '2014-11-14', 29, 30, '17'),
(458, 'Ny.Heriawati', '2014-11-17', 20, 21, '17'),
(459, 'Ny.Cucu', '2014-11-17', 21, 22, '17'),
(460, 'Ny.Yulia', '2014-11-17', 22, 23, '17'),
(461, 'Tn.Ronald', '2014-11-17', 23, 24, '17'),
(462, 'Tn.Johan', '2014-11-17', 24, 25, '17'),
(463, 'Ny.Iing', '2014-11-17', 25, 26, '17'),
(464, 'Tn.Joe daniel', '2014-11-17', 26, 27, '17'),
(465, 'Ny.Heuw lie fong', '2014-11-17', 27, 28, '17'),
(466, 'Hunasta abimanyu', '2014-11-17', 14, 16, '18'),
(467, 'Siaty Cendranata ( ny tomy )', '2014-11-17', 16, 18, '18'),
(468, 'Ir Iswan Prahastono', '2014-11-17', 18, 22, '18'),
(469, 'Junida', '2014-11-17', 24, 26, '18'),
(470, 'Ny.Lilian', '2014-11-18', 20, 21, '17'),
(471, 'Ny.Melly', '2014-11-18', 21, 22, '17'),
(472, 'Tn.Sukendar', '2014-11-19', 20, 21, '17'),
(473, 'Tn.Durmi', '2014-11-19', 21, 22, '17'),
(474, 'Tn.Ridwan', '2014-11-19', 22, 23, '17'),
(475, 'Ny.Arini', '2014-11-19', 23, 24, '17'),
(476, 'Ny.Lusiana', '2014-11-19', 24, 25, '17'),
(477, 'Ny.Herniaty', '2014-11-15', 8, 10, '8'),
(478, 'Ny.Angelia', '2014-11-17', 21, 22, '8'),
(479, 'Ratna Dewi', '2014-11-17', 22, 24, '18'),
(480, 'Djoni Koesnandar', '2014-11-18', 14, 16, '18'),
(481, 'Jenny Winarti', '2014-11-18', 16, 18, '18'),
(482, 'Adiyatma ', '2014-11-18', 18, 20, '18'),
(483, 'Heni Agustiani', '2014-11-18', 20, 22, '18'),
(484, 'Sekar Pandanwangi', '2014-11-18', 22, 24, '18'),
(485, 'Fanina Nisfulaily', '2014-11-18', 24, 26, '18'),
(486, 'Henny Soeyono H', '2014-11-18', 26, 28, '18'),
(487, 'Ny.Linda', '2014-11-17', 23, 24, '8'),
(488, 'Brandan', '2014-11-17', 24, 25, '8'),
(489, 'Wesley', '2014-11-17', 25, 26, '8'),
(490, 'Ny.Yuni', '2014-11-17', 26, 27, '8'),
(491, 'Ny.Tan tjay moy', '2014-11-17', 28, 29, '17'),
(492, 'Tn.Wong kan doeh', '2014-11-17', 29, 30, '17'),
(493, 'Ny.Lanny', '2014-11-18', 22, 23, '17'),
(494, 'Ny.Susan', '2014-11-18', 23, 24, '17'),
(495, 'Tn.Hanafi', '2014-11-18', 24, 25, '17'),
(496, 'Ny.Elvina', '2014-11-18', 25, 26, '17'),
(497, 'Tn.Reza', '2014-11-18', 26, 27, '17'),
(498, 'Ny.Lena', '2014-11-19', 25, 26, '17'),
(499, 'Ny.Novi', '2014-11-17', 22, 23, '8'),
(500, 'Tn.Ricky', '2014-11-20', 21, 22, '15'),
(501, 'Hardi', '2014-11-20', 22, 23, '15'),
(502, 'ny.shopy', '2014-11-20', 23, 24, '15'),
(503, 'Tn.Sulaiman', '2014-11-20', 24, 25, '15'),
(504, 'Tn.Evan', '2014-11-18', 27, 28, '17'),
(505, 'Ny.Yetzulinda', '2014-11-18', 28, 29, '17'),
(506, 'Ny.Tan tjay moy', '2014-11-18', 29, 30, '17'),
(507, 'Purba Tambunan', '2014-11-19', 14, 16, '18'),
(508, 'Meilina Sari', '2014-11-19', 18, 20, '18'),
(509, 'M. Arsyad Ghani', '2014-11-19', 20, 22, '18'),
(510, 'Arifin Wendi', '2014-11-19', 22, 24, '18'),
(511, 'Rika Pane', '2014-11-19', 24, 26, '18'),
(512, 'Dewi Anggraeni (Ny Renny)', '2014-11-19', 26, 28, '18'),
(513, 'Djuansah', '2014-11-19', 16, 18, '18'),
(533, 'Djuansah', '2014-11-21', 16, 18, '18'),
(539, 'Rosda', '2014-11-20', 16, 20, '18'),
(516, 'Hunasta abimanyu', '2014-11-20', 20, 22, '18'),
(534, 'Astirisha Utami', '2014-11-21', 20, 22, '18'),
(518, 'Esti Danubrata', '2014-11-20', 22, 24, '18'),
(519, 'Hari Setiawan', '2014-11-20', 24, 26, '18'),
(520, 'Rosda', '2014-11-19', 12, 14, '18'),
(521, 'Ibu Ratna', '2014-11-18', 7, 9, '10'),
(522, 'Tn.Hermes', '2014-11-19', 26, 27, '17'),
(523, 'nn.Dhyani', '2014-11-19', 27, 28, '17'),
(524, 'Ny.Tan tjay moy', '2014-11-19', 28, 29, '17'),
(525, 'Dicky N Wijaya', '2014-11-20', 26, 28, '18'),
(526, 'Tn.Durmi', '2014-11-20', 20, 21, '17'),
(527, 'Ny.Maria', '2014-11-21', 20, 21, '17'),
(528, 'Tn.Sukendar', '2014-11-21', 21, 22, '17'),
(529, 'Ny.Arini', '2014-11-21', 22, 23, '17'),
(530, 'Tn.Hermes', '2014-11-20', 21, 22, '17'),
(531, 'Ny.Lisa', '2014-11-20', 27, 28, '17'),
(535, 'Della Nurdwiani W', '2014-11-21', 22, 24, '18'),
(536, 'Junida', '2014-11-21', 26, 28, '18'),
(537, 'Eza', '2014-11-21', 24, 26, '18'),
(538, 'Pak Amir', '2014-11-20', 10, 12, '7'),
(540, 'Adya Pratama', '2014-11-20', 12, 14, '18'),
(541, 'Tn.Durmi', '2014-11-21', 23, 24, '17'),
(542, 'Rosda', '2014-11-22', 8, 10, '18'),
(543, 'Renny Juliati Jahja', '2014-11-22', 10, 12, '18'),
(544, 'Yedi Yudistira', '2014-11-22', 14, 16, '18'),
(545, 'Putri Dwi Fenty', '2014-11-22', 16, 18, '18'),
(546, 'Novita', '2014-11-22', 12, 14, '18'),
(564, 'Rizal Dwiguna A', '2014-11-22', 18, 20, '18'),
(548, 'Ny.Dede', '2014-11-21', 22, 23, '8'),
(549, 'Ny.Heriawati', '2014-11-24', 20, 21, '17'),
(550, 'Tn.Reza', '2014-11-24', 21, 22, '17'),
(551, 'Ny.Tan tjay moy', '2014-11-24', 22, 23, '17'),
(552, 'Ny.Lilian', '2014-11-25', 20, 21, '17'),
(553, 'Ny.Susan', '2014-11-25', 21, 22, '17'),
(554, 'Ny.Arini', '2014-11-25', 22, 23, '17'),
(555, 'Ny.Abbas', '2014-11-24', 6, 7, '8'),
(784, 'Ny.Anna', '2014-12-10', 99, 99, '8'),
(557, 'Ny.Yuliani', '2014-11-24', 22, 23, '8'),
(558, 'Brandan', '2014-11-24', 24, 25, '8'),
(559, 'Wesley', '2014-11-24', 25, 26, '8'),
(578, 'M. Arsyad Ghani', '2014-11-26', 16, 18, '18'),
(565, 'Siaty Cendranata ( ny tomy )', '2014-11-24', 20, 22, '18'),
(563, 'Dona', '2014-11-24', 18, 20, '18'),
(566, 'Krishna Nur Pribadi', '2014-11-24', 24, 26, '18'),
(567, 'Masduki Achmad', '2014-11-24', 22, 24, '18'),
(569, 'Justine Yuwono', '2014-11-24', 26, 28, '18'),
(571, 'Sekar Pandanwangi', '2014-11-25', 20, 22, '18'),
(572, 'Henny Soeyono H', '2014-11-25', 22, 24, '18'),
(573, 'Ikha Rachmawati', '2014-11-25', 18, 20, '18'),
(574, 'Salma Maulina W', '2014-11-25', 26, 28, '18'),
(576, 'Rika Pane', '2014-11-25', 24, 26, '18'),
(577, 'Fernita Puspasari', '2014-11-25', 16, 18, '18'),
(579, 'Adiyatma ', '2014-11-26', 18, 20, '18'),
(594, 'Fanina Nisfulaily', '2014-11-26', 22, 24, '18'),
(581, 'Deni Norman', '2014-11-26', 24, 26, '18'),
(627, 'Bambang H', '2014-11-28', 14, 16, '18'),
(583, 'Ny.Yuni', '2014-11-26', 22, 23, '8'),
(584, 'Ny.Siti', '2014-11-26', 20, 21, '17'),
(585, 'Ny.Ay cu', '2014-11-26', 21, 22, '17'),
(586, 'Ny.Lanny', '2014-11-26', 22, 23, '17'),
(587, 'Ny.Arini', '2014-11-26', 23, 24, '17'),
(588, 'Ny.Lusiana', '2014-11-26', 24, 25, '17'),
(589, 'Ny.Ong sin nio', '2014-11-26', 25, 26, '17'),
(590, 'Tn.Sigit', '2014-11-26', 26, 27, '17'),
(591, 'Tn.Reza', '2014-11-26', 27, 28, '17'),
(593, 'Diding', '2014-11-26', 20, 22, '18'),
(626, 'Harrie Lutfie', '2014-11-27', 19, 20, '18'),
(625, 'Dwi', '2014-11-27', 24, 25, '18'),
(597, 'Dona', '2014-11-27', 20, 24, '18'),
(599, 'Pruni', '2014-11-27', 26, 28, '18'),
(624, 'Netty Fries', '2014-11-27', 25, 26, '18'),
(601, 'Ny.Arini', '2014-11-27', 21, 22, '17'),
(602, 'Ny.Yuliani', '2014-11-27', 22, 23, '17'),
(619, 'Ny.Ay cu', '2014-11-27', 20, 21, '17'),
(604, 'Ny.Lena', '2014-11-27', 24, 25, '17'),
(605, 'Tn.Toni', '2014-11-27', 25, 26, '17'),
(606, 'Tn.Bunanto', '2014-11-27', 26, 27, '17'),
(607, 'Ny.Lisa', '2014-11-27', 27, 28, '17'),
(608, 'Ny.Shany', '2014-11-27', 28, 29, '17'),
(609, 'Ny.Maria', '2014-11-28', 20, 21, '17'),
(612, 'nn.Desty', '2014-11-28', 22, 23, '17'),
(611, 'Ny.Lanny', '2014-11-28', 23, 24, '17'),
(644, 'Bebi Hendrawibawa', '2014-11-29', 10, 12, '18'),
(614, 'nn.Siska', '2014-11-28', 24, 25, '17'),
(615, 'Ny.Heriawati', '2014-12-01', 20, 21, '17'),
(616, 'Ny.Tan tjay moy', '2014-12-01', 21, 22, '17'),
(617, 'Tn.Sulaiman', '2014-11-27', 22, 23, '15'),
(618, 'nn.Samantha', '2014-11-27', 24, 25, '15'),
(620, 'Ny.Ratna', '2014-12-02', 20, 21, '17'),
(621, 'Ny.Susan', '2014-12-02', 21, 22, '17'),
(622, 'Tn.Ferry', '2014-12-02', 22, 23, '17'),
(623, 'Ny.Lilian', '2014-12-02', 23, 24, '17'),
(642, 'Pruni', '2014-11-28', 20, 24, '18'),
(629, 'Hari Setiawan', '2014-11-28', 18, 20, '18'),
(641, 'Drg. Adin', '2014-11-28', 16, 18, '18'),
(643, 'Tn.Resa', '2014-11-28', 25, 26, '8'),
(632, 'Tn.Yunanto', '2014-11-28', 21, 22, '8'),
(633, 'Ny.Dede', '2014-11-28', 22, 23, '8'),
(634, 'Tn.Christian', '2014-11-29', 6, 7, '8'),
(635, 'Ny.Linda', '2014-11-29', 8, 9, '8'),
(636, 'Ny.Sylvia', '2014-11-27', 23, 24, '17'),
(637, 'Tn.Tjeni', '2014-11-28', 21, 22, '17'),
(638, 'Tn.Teten', '2014-12-01', 22, 23, '17'),
(639, 'Ny.Ay cu', '2014-12-01', 23, 24, '17'),
(645, 'Novita', '2014-11-29', 12, 14, '18'),
(646, 'Yedi Yudistira', '2014-11-29', 14, 16, '18'),
(647, 'alyssa', '2014-11-29', 18, 20, '18'),
(648, 'Rizal Dwiguna A', '2014-11-29', 16, 18, '18'),
(649, 'Nafidza Adella', '2014-12-01', 16, 18, '18'),
(650, 'Ir Iswan Prahastono', '2014-12-01', 18, 22, '18'),
(651, 'Sandra Martianasari', '2014-12-01', 22, 24, '18'),
(652, 'Hanif Arif', '2014-12-01', 26, 28, '18'),
(653, 'Magali A', '2014-12-01', 24, 26, '18'),
(654, 'Ny.Dede', '2014-12-01', 21, 22, '8'),
(655, 'Brandan', '2014-12-01', 24, 25, '8'),
(656, 'Tn.Dede', '2014-12-01', 24, 25, '17'),
(657, 'Rika Pane', '2014-12-02', 14, 16, '18'),
(658, 'Yvvone Suryo', '2014-12-02', 16, 18, '18'),
(659, 'Fernita Puspasari', '2014-12-02', 18, 22, '18'),
(695, 'Tn.Ronny', '2014-12-04', 20, 21, '17'),
(661, 'Sekar Pandanwangi', '2014-12-02', 22, 24, '18'),
(703, 'Ny.Abbas', '2014-12-04', 6, 7, '8'),
(663, 'Tn.Ridwan', '2014-12-02', 24, 25, '17'),
(664, 'Tn.Effendi', '2014-12-02', 25, 26, '17'),
(665, 'Tn.Durmi', '2014-12-02', 26, 27, '17'),
(667, 'Netty Fries', '2014-12-03', 18, 20, '18'),
(668, 'Arifin Wendi', '2014-12-03', 22, 24, '18'),
(671, 'Yedi Yudistira', '2014-12-03', 24, 26, '18'),
(672, 'Ny.Arini', '2014-12-03', 20, 21, '17'),
(673, 'Tn.Oey tjun seng', '2014-12-03', 21, 22, '17'),
(674, 'Ny.Hiu soe tjen', '2014-12-03', 22, 23, '17'),
(675, 'Tn.Toni', '2014-12-03', 23, 24, '17'),
(676, 'Tn.Sigit', '2014-12-03', 24, 25, '17'),
(677, 'Ny.Lusiana', '2014-12-03', 25, 26, '17'),
(678, 'Ny.Fei-fei', '2014-12-03', 27, 28, '17'),
(679, 'Ny.Yuliani', '2014-12-04', 21, 22, '17'),
(680, 'Ny.Ong sin nio', '2014-12-04', 22, 23, '17'),
(681, 'Ny.Lilian', '2014-12-04', 23, 24, '17'),
(682, 'Ny.Lanny', '2014-12-04', 24, 25, '17'),
(683, 'Tn.Hermes', '2014-12-04', 25, 26, '17'),
(684, 'Tn.Pipih', '2014-12-04', 26, 27, '17'),
(685, 'Ny.Lisa', '2014-12-04', 27, 28, '17'),
(686, 'Ny.Shany', '2014-12-04', 28, 29, '17'),
(687, 'Ny.Dede', '2014-12-03', 22, 23, '8'),
(688, 'Ny.Dewi', '2014-12-05', 22, 23, '8'),
(689, 'Brandan', '2014-12-05', 24, 25, '8'),
(690, 'Wesley', '2014-12-05', 25, 26, '8'),
(691, 'Hardi', '2014-12-04', 21, 22, '15'),
(692, 'nn.Mega', '2014-12-04', 22, 23, '15'),
(693, 'Furdi  ', '2014-12-03', 20, 22, '18'),
(710, 'Tn Andri', '2014-12-05', 21, 22, '17'),
(696, 'Ny.Siti', '2014-12-05', 20, 21, '17'),
(697, 'Dona', '2014-12-04', 18, 20, '18'),
(698, 'Tn.Ricky', '2014-12-04', 23, 24, '15'),
(699, 'nn.Ivana', '2014-12-04', 24, 25, '15'),
(751, 'Adiyatma ', '2014-12-09', 14, 16, '18'),
(701, 'Tn.Erwin', '2014-12-04', 25, 26, '15'),
(702, 'Nurul Amalia', '2014-12-04', 22, 24, '18'),
(705, 'Djoni Koesnandar', '2014-12-05', 18, 20, '18'),
(712, 'Ny.Cut oktavia', '2014-12-05', 23, 24, '17'),
(707, 'Nafidza Adella', '2014-12-05', 20, 22, '18'),
(708, 'Fernita Puspasari', '2014-12-05', 22, 24, '18'),
(711, 'Tn.Pipih', '2014-12-05', 22, 23, '17'),
(713, 'Ny.Lanny', '2014-12-05', 24, 25, '17'),
(714, 'Tn.Effendi', '2014-12-05', 25, 26, '17'),
(715, 'Ny.Lilian', '2014-12-05', 26, 27, '17'),
(716, 'Ny.Imas', '2014-12-05', 27, 28, '17'),
(717, 'Ny.Lilis', '2014-12-05', 28, 29, '17'),
(718, 'Tn.Reza', '2014-12-05', 29, 30, '17'),
(719, 'Ny.Dede', '2014-12-05', 21, 22, '8'),
(720, 'Ny.Heriawati', '2014-12-08', 20, 21, '17'),
(721, 'Ny.Susannita', '2014-12-08', 21, 22, '17'),
(722, 'Tn.Handi', '2014-12-08', 22, 23, '17'),
(723, 'nn.Fenti', '2014-12-08', 23, 24, '17'),
(724, 'Tn.Sulaeman', '2014-12-08', 24, 25, '17'),
(725, 'Tn.Hermes', '2014-12-08', 25, 26, '17'),
(726, 'Ny.Lisa', '2014-12-08', 27, 28, '17'),
(727, 'Ny.Susan', '2014-12-09', 20, 21, '17'),
(728, 'Tn.Ferry', '2014-12-09', 21, 22, '17'),
(729, 'Ny.Lianty', '2014-12-09', 22, 23, '17'),
(730, 'Ny.Arini', '2014-12-10', 20, 21, '17'),
(731, 'Tn.Oey tjun seng', '2014-12-10', 21, 22, '17'),
(732, 'Tn.Ronny', '2014-12-11', 20, 21, '17'),
(733, 'Ny.Yulianti', '2014-12-11', 27, 28, '17'),
(734, 'Ny.Fei-fei', '2014-12-11', 28, 29, '17'),
(735, 'Ny.Maria', '2014-12-12', 20, 21, '17'),
(736, 'Ny.angelia', '2014-12-09', 21, 22, '15'),
(737, 'nn.Meity', '2014-12-09', 22, 23, '15'),
(738, 'Pak Amir', '2014-12-05', 8, 10, '7'),
(752, 'didi', '2014-12-09', 16, 18, '18'),
(740, 'Rizal Dwiguna A', '2014-12-06', 14, 16, '18'),
(741, 'Reinita Siaty', '2014-12-06', 16, 20, '18'),
(742, 'Kevin James', '2014-12-06', 12, 14, '18'),
(753, 'Muhammad Ramadhan Irfansyah', '2014-12-09', 18, 20, '18'),
(746, 'Jennifer Yunani', '2014-12-08', 22, 24, '18'),
(749, 'Sandra Martianasari', '2014-12-08', 16, 18, '18'),
(748, 'Magali A', '2014-12-08', 26, 28, '18'),
(750, 'Ny.Dede', '2014-12-08', 22, 23, '8'),
(754, 'Nafidza Adella', '2014-12-09', 20, 22, '18'),
(755, 'Mida Meutia', '2014-12-09', 22, 24, '18'),
(756, 'Hanif Arif', '2014-12-09', 24, 28, '18'),
(757, 'Ny.Lilian', '2014-12-09', 24, 25, '17'),
(758, 'nn.Jane', '2014-12-09', 25, 26, '17'),
(759, 'Ny.Neneng', '2014-12-09', 26, 27, '17'),
(760, 'Ny.Heuw lie fong', '2014-12-09', 27, 28, '17'),
(761, 'Tn.Johan', '2014-12-09', 28, 29, '17'),
(762, 'nn.Fenti', '2014-12-10', 24, 25, '17'),
(763, 'Ny.Eva', '2014-12-10', 25, 26, '17'),
(764, 'nn.Alia', '2014-12-09', 23, 24, '15'),
(765, 'nn.Alisa', '2014-12-11', 21, 22, '15'),
(766, 'nn. Anggya', '2014-12-11', 22, 23, '15'),
(767, 'Ny.Ruly', '2014-12-11', 23, 24, '15'),
(768, 'Tn.Sulaiman', '2014-12-11', 24, 25, '15'),
(769, 'nn.Ivana', '2014-12-11', 25, 26, '15'),
(770, 'nn.Amel', '2014-12-11', 26, 27, '15'),
(796, 'Rika Pane', '2014-12-12', 14, 16, '18'),
(773, 'Monna Bastaman', '2014-12-10', 24, 28, '18'),
(774, 'Ny.Lisa', '2014-12-11', 26, 27, '17'),
(775, 'Ny.The ay lan', '2014-12-12', 21, 22, '17'),
(776, 'Ny.Lanny', '2014-12-12', 24, 25, '17'),
(777, 'Ny.Ririn', '2014-12-12', 24, 25, '15'),
(780, 'husen', '2014-12-09', 99, 99, '24'),
(779, 'husen', '2014-12-10', 19, 22, '24'),
(781, 'Ny.Angelia', '2014-12-10', 22, 23, '8'),
(782, 'Ny.Tan lie lan', '2014-12-10', 23, 24, '17'),
(783, 'ggh', '2014-12-10', 99, 99, '7'),
(787, 'Tn.Toni', '2014-12-11', 22, 23, '17'),
(788, 'Tn.Rendi', '2014-12-11', 24, 25, '17'),
(789, 'nn.Winny', '2014-12-10', 99, 99, '17'),
(790, 'Ny.Lianty', '2014-12-10', 99, 99, '17'),
(791, 'Tn.Teten', '2014-12-10', 99, 99, '17'),
(792, 'Tn.Tirta', '2014-12-10', 99, 99, '17'),
(794, 'Furdi  ', '2014-12-11', 20, 22, '18'),
(820, 'Netty Fries', '2014-12-13', 9, 10, '18'),
(832, 'Iwang Kowara', '2014-12-15', 14, 16, '18'),
(800, 'Alin', '2014-12-12', 22, 24, '18'),
(801, 'Antony Pandapotan', '2014-12-12', 24, 26, '18'),
(803, 'Tn.A liong', '2014-12-12', 22, 23, '17'),
(804, 'Ny.Neneng', '2014-12-12', 23, 24, '17'),
(805, 'nn.Fenti', '2014-12-12', 25, 26, '17'),
(806, 'Tn.Johan', '2014-12-12', 26, 27, '17'),
(807, 'Pak Amir', '2014-12-11', 11, 12, '7'),
(808, 'Ny.Desi', '2014-12-12', 21, 22, '8'),
(809, 'Ny.Popong', '2014-12-12', 22, 23, '8'),
(810, 'Brandan', '2014-12-12', 24, 25, '8'),
(811, 'nn.Syahilla', '2014-12-15', 22, 23, '8'),
(817, 'Ny.Susannita', '2014-12-15', 20, 21, '17'),
(814, 'Ny.Oey tjeng sing', '2014-12-12', 27, 28, '17'),
(819, 'Reinita Siaty', '2014-12-13', 8, 9, '18'),
(818, 'Tn.Toni', '2014-12-15', 21, 22, '17'),
(821, 'Tn.Hermes', '2014-12-15', 22, 23, '17'),
(839, 'nn.Audrey', '2014-12-16', 21, 22, '15'),
(823, 'Tn.Sulaeman', '2014-12-15', 23, 24, '17'),
(850, 'Tn.A liong', '2014-12-15', 27, 28, '17'),
(825, 'Desmonda', '2014-12-15', 24, 25, '17'),
(826, 'Tn.Oey tjun seng', '2014-12-15', 25, 26, '17'),
(827, 'Tn.Rendi', '2014-12-15', 26, 27, '17'),
(828, 'Tn.Handi', '2014-12-16', 20, 21, '17'),
(829, 'Ny.Susan', '2014-12-16', 21, 22, '17'),
(830, 'Tn.Ferry', '2014-12-16', 22, 23, '17'),
(831, 'Tn.Yoyong', '2014-12-16', 23, 24, '17'),
(833, 'Ir Iswan Prahastono', '2014-12-15', 16, 20, '18'),
(834, 'Dona', '2014-12-15', 20, 22, '18'),
(835, 'Mudiarti', '2014-12-15', 22, 24, '18'),
(836, 'Hanif Arif', '2014-12-15', 24, 28, '18'),
(837, 'aa', '2014-12-13', 4, 6, '25'),
(840, 'nn.Hanna', '2014-12-16', 22, 23, '15'),
(841, 'nn.Amel', '2014-12-16', 23, 24, '15'),
(842, 'nn.Samantha', '2014-12-16', 24, 25, '15'),
(843, 'nn.Anabel', '2014-12-16', 25, 26, '15'),
(844, 'Sandra Martianasari', '2014-12-16', 16, 18, '18'),
(845, 'Nafidza Adella', '2014-12-16', 18, 20, '18'),
(846, 'Rizal Zainal A', '2014-12-16', 20, 22, '18'),
(847, 'Nurul Amalia', '2014-12-16', 22, 24, '18'),
(848, 'Junida', '2014-12-16', 24, 26, '18'),
(849, 'Masduki Achmad', '2014-12-16', 26, 28, '18'),
(851, 'Ny.Ferry', '2014-12-15', 28, 29, '17'),
(852, 'Tn.Elvin', '2014-12-15', 28, 29, '17'),
(853, 'Tn.Sigit', '2014-12-16', 24, 25, '17'),
(854, 'nn.Yoanita', '2014-12-17', 26, 27, '15'),
(855, 'Tn.William', '2014-12-16', 27, 28, '15'),
(856, 'Ibu Ratna', '2014-12-15', 24, 26, '10'),
(857, 'Lala', '2014-12-15', 99, 99, '7'),
(858, 'nungki', '2014-12-15', 99, 99, '9'),
(859, 'Ny.Desi', '2014-12-17', 21, 22, '8'),
(860, 'Jeffrey', '2014-12-16', 25, 26, '17'),
(861, 'Jeremy', '2014-12-16', 26, 27, '17'),
(862, 'Tn.Toni', '2014-12-16', 27, 28, '17'),
(863, 'Tn.Hermes', '2014-12-16', 28, 29, '17'),
(864, 'Tn.Stefanus', '2014-12-16', 29, 30, '17'),
(865, 'Tn.Iskandar', '2014-12-17', 20, 21, '17'),
(866, 'Tn.Tommy', '2014-12-17', 21, 22, '17'),
(867, 'Ny.Susan', '2014-12-17', 22, 23, '17'),
(868, 'Ny.Tan lie lan', '2014-12-17', 24, 25, '17'),
(869, 'Ny.Neneng', '2014-12-17', 26, 27, '17'),
(870, 'nn.monica', '2014-12-18', 21, 22, '15'),
(871, 'nn.Alisa', '2014-12-18', 22, 23, '15'),
(872, 'Ny.Shopy', '2014-12-18', 23, 24, '15'),
(873, 'Hardi', '2014-12-18', 24, 25, '15'),
(874, 'Tn.Ricky', '2014-12-18', 25, 26, '15'),
(875, 'nn.Anggya', '2014-12-18', 26, 27, '15'),
(876, 'Ny.Abbas', '2014-12-18', 6, 7, '8'),
(877, 'nn.Syahilla', '2014-12-19', 23, 24, '8'),
(878, 'Henny Soeyono H', '2014-12-17', 16, 18, '18'),
(879, 'Nafidza Adella', '2014-12-17', 20, 22, '18'),
(880, 'Yedi Yudistira', '2014-12-17', 24, 26, '18'),
(881, 'sharfina faradiba', '2014-12-17', 18, 20, '18'),
(882, 'Tn.Suheri', '2014-12-16', 99, 99, '17'),
(1648, 'Ny.Farida', '2015-02-06', 23, 24, '17'),
(884, 'Ny.Sienny', '2014-12-16', 99, 99, '17'),
(885, 'Ny.Melawati', '2014-12-16', 99, 99, '17'),
(886, 'nn.Chatrin', '2014-12-16', 99, 99, '17'),
(887, 'Tn.Joe daniel', '2014-12-17', 28, 29, '17'),
(888, 'Tn.Sulaiman', '2014-12-16', 99, 99, '15'),
(889, 'Puka OSmile', '2014-12-17', 99, 99, '18'),
(890, 'Tn.Yoyong', '2014-12-17', 25, 26, '17'),
(891, 'Tn.Freddy', '2014-12-17', 99, 99, '17'),
(892, 'Ny.Glory', '2014-12-17', 23, 24, '17'),
(893, 'Ny.Grace', '2014-12-17', 99, 99, '17'),
(894, 'Ny.Inge', '2014-12-17', 99, 99, '17'),
(895, 'Ny.Euis', '2014-12-17', 99, 99, '17'),
(896, 'Tn.Yosef', '2014-12-17', 99, 99, '17'),
(897, 'Ny.Lina', '2014-12-17', 99, 99, '17'),
(898, 'Tn.William', '2014-12-17', 99, 99, '17'),
(899, 'Ny.Mellinda', '2014-12-17', 99, 99, '17'),
(900, 'Sandra Martianasari', '2014-12-18', 14, 16, '18'),
(901, 'Mudiarti', '2014-12-18', 24, 28, '18'),
(902, 'Iceu Lisna', '2014-12-18', 22, 24, '18'),
(903, 'Nurul Izzati', '2014-12-18', 20, 22, '18'),
(904, 'Purwono', '2014-12-18', 16, 18, '18'),
(905, 'Rika Pane', '2014-12-19', 14, 16, '18'),
(934, 'Melisa winda', '2014-12-23', 20, 22, '18'),
(937, 'Rochman Suhada', '2014-12-23', 14, 16, '18'),
(910, 'Ny.Anne', '2014-12-18', 24, 25, '8'),
(911, 'Tn.Amin', '2014-12-18', 25, 26, '8'),
(912, 'Mudiarti', '2014-12-20', 8, 10, '18'),
(913, 'Mestika', '2014-12-20', 10, 12, '18'),
(914, 'Budi', '2014-12-20', 12, 14, '18'),
(915, 'Junida', '2014-12-20', 14, 16, '18'),
(932, 'Sandra Martianasari', '2014-12-23', 18, 20, '18'),
(917, 'Tn.Hilman', '2014-12-19', 99, 99, '8'),
(918, 'Ny.Lanny', '2014-12-19', 99, 99, '8'),
(919, 'Tn.Amin', '2014-12-19', 99, 99, '8'),
(920, 'Tn.Amin', '2014-12-19', 99, 99, '8'),
(921, 'awandhana anggi osmile', '2014-12-19', 99, 99, '18'),
(923, 'dewi + denaz osmile', '2014-12-19', 99, 99, '18'),
(931, 'Mestika', '2014-12-23', 16, 18, '18'),
(939, 'Purwono', '2014-12-24', 16, 18, '18'),
(926, 'Furdi  ', '2014-12-22', 20, 22, '18'),
(938, 'zio', '2014-12-24', 14, 16, '18'),
(928, 'Krishna Nur Pribadi', '2014-12-22', 24, 26, '18'),
(929, 'Masduki Achmad', '2014-12-22', 26, 28, '18'),
(930, 'Denaz Arfiano A', '2014-12-22', 18, 20, '18'),
(935, 'Dicky N Wijaya', '2014-12-23', 24, 28, '18'),
(936, 'Suharti', '2014-12-23', 22, 24, '18'),
(940, 'Eza', '2014-12-24', 18, 20, '18'),
(941, 'M. Arsyad Ghani', '2014-12-24', 20, 22, '18'),
(942, 'Ratna Dewi', '2014-12-24', 22, 24, '18'),
(943, 'Hari Setiawan', '2014-12-24', 24, 26, '18'),
(944, 'Pruni', '2014-12-29', 14, 20, '18'),
(945, 'Mudiarti', '2014-12-29', 21, 22, '18'),
(961, 'Justine Yuwono', '2014-12-31', 8, 10, '18'),
(958, 'Rochman Suhada', '2014-12-29', 26, 27, '18'),
(948, 'Andreas Hirawan', '2014-12-29', 12, 14, '18'),
(949, 'Adjeng Kristinawati', '2014-12-29', 24, 26, '18'),
(960, 'Hunasta abimanyu', '2014-12-29', 27, 28, '18'),
(959, 'Krishna Nur Pribadi', '2014-12-29', 20, 21, '18'),
(957, 'Pruni', '2014-12-30', 9, 12, '18'),
(967, 'Aileen', '2014-12-31', 6, 8, '18'),
(956, 'Mellyana K', '2014-12-30', 22, 24, '18'),
(976, 'Purwono', '2015-01-02', 22, 24, '18'),
(964, 'Purwono', '2014-12-31', 18, 20, '18'),
(965, 'M. Arsyad Ghani', '2014-12-31', 20, 22, '18'),
(966, 'Yusuf Arifin', '2014-12-31', 12, 14, '18'),
(968, 'Ny.Lina', '2015-01-05', 24, 25, '17'),
(969, 'Ny.Neneng', '2015-01-06', 20, 21, '17'),
(970, 'Nanda Tiandra', '2015-01-02', 16, 18, '18'),
(971, 'Said', '2015-01-02', 18, 20, '18'),
(1400, 'A. Budi Susilo', '2015-01-27', 14, 16, '18'),
(973, 'Pruni', '2015-01-02', 24, 25, '18'),
(974, 'Bebi Hendrawibawa', '2015-01-02', 26, 28, '18'),
(975, 'Puja Pramudya', '2015-01-02', 25, 26, '18'),
(989, 'Sekar Pandanwangi', '2015-01-06', 16, 18, '18'),
(986, 'Rika Pane', '2015-01-05', 16, 18, '18'),
(996, 'Athalia Kamil', '2015-01-06', 14, 16, '18'),
(982, 'Masduki Achmad', '2015-01-05', 22, 24, '18'),
(987, 'Arifin Wendi', '2015-01-05', 24, 26, '18'),
(984, 'Misheline widjaja', '2015-01-05', 26, 28, '18'),
(990, 'Zio', '2015-01-06', 18, 20, '18'),
(991, 'Novita Utami D', '2015-01-06', 20, 22, '18'),
(992, 'Deni Norman', '2015-01-06', 22, 24, '18'),
(993, 'Deni Kustia', '2015-01-06', 24, 26, '18'),
(1015, 'Nugraha Dian P', '2015-01-05', 20, 22, '18'),
(997, 'Rosiana Basuki', '2015-01-06', 26, 28, '18'),
(998, 'Pruni', '2015-01-07', 10, 12, '18'),
(999, 'Antony Pandapotan', '2015-01-07', 14, 18, '18'),
(1024, 'Krishna Nur Pribadi', '2015-01-07', 20, 22, '18'),
(1074, 'Barita', '2015-01-07', 25, 27, '18'),
(1023, 'Yusuf Arifin', '2015-01-07', 18, 20, '18'),
(1022, 'Furdi  ', '2015-01-07', 12, 14, '18'),
(1005, 'M. Arsyad Ghani', '2015-01-08', 16, 18, '18'),
(1006, 'Said', '2015-01-08', 18, 20, '18'),
(1007, 'Eza', '2015-01-08', 24, 26, '18'),
(1088, 'Harrie Lutfie', '2015-01-08', 20, 22, '18'),
(1009, 'Rochman Suhada', '2015-01-08', 26, 28, '18'),
(1010, 'rya', '2015-01-08', 22, 24, '18'),
(1011, 'emmyr fadillah moeis', '2015-01-10', 10, 12, '18'),
(1012, 'nuning', '2015-01-10', 12, 14, '18'),
(1125, 'Krishna Nur Pribadi', '2015-01-10', 14, 16, '18'),
(1014, 'Bebi Hendrawibawa', '2015-01-10', 20, 22, '18'),
(1016, 'Tn.A liong', '2015-01-06', 21, 22, '17'),
(1017, 'Ny.Vika', '2015-01-06', 22, 23, '17'),
(1018, 'Tn.Freddy', '2015-01-06', 23, 24, '17'),
(1019, 'Ny.Lanny', '2015-01-06', 24, 25, '17'),
(1020, 'Tn.Effendi', '2015-01-06', 25, 26, '17'),
(1021, 'Tn.Yoyong', '2015-01-06', 26, 27, '17'),
(1025, 'Nugraha Dian P', '2015-01-07', 23, 25, '18'),
(1026, 'Ny.Heriawati', '2015-01-07', 20, 21, '17'),
(1027, 'Ny.Lanny', '2015-01-07', 21, 22, '17'),
(1028, 'Ny.Glory', '2015-01-07', 22, 24, '17'),
(1029, 'Desmonda', '2015-01-07', 24, 25, '17'),
(1061, 'Tn.Freddy', '2015-01-07', 26, 28, '17'),
(1031, 'Ny.Ribkah', '2015-01-07', 25, 26, '17'),
(1032, 'Ny.Yulianti', '2015-01-08', 27, 28, '17'),
(1033, 'Ny.Lina', '2015-01-09', 20, 21, '17'),
(1034, 'nn.Chatrin', '2015-01-09', 21, 22, '17'),
(1035, 'Ny.Heyi', '2015-01-09', 22, 23, '17'),
(1036, 'Ny.Ane', '2015-01-09', 23, 24, '17'),
(1037, 'Tn.Yoyong', '2015-01-09', 24, 25, '17'),
(1038, 'Ny.Tan ing sang', '2015-01-06', 99, 99, '17'),
(1039, 'Ny.Evi', '2015-01-06', 27, 28, '17'),
(1040, 'Tn.Bebeng', '2015-01-06', 99, 99, '17'),
(1041, 'nn.Fanny', '2015-01-08', 21, 22, '15'),
(1042, 'Tn.Sulaiman', '2015-01-08', 22, 23, '15'),
(1043, 'nn.monica', '2015-01-08', 23, 24, '15'),
(1044, 'Hardi', '2015-01-08', 24, 25, '15'),
(1045, 'Ny.Ruly', '2015-01-08', 25, 26, '15'),
(1046, 'nn.Ellen', '2015-01-08', 26, 27, '15'),
(1047, 'nn.Alia', '2015-01-13', 21, 22, '15'),
(1048, 'nn.Meity', '2015-01-13', 22, 23, '15'),
(1049, 'Ny.angelia', '2015-01-13', 23, 24, '15'),
(1050, 'nn.Hanna', '2015-01-13', 24, 25, '15'),
(1051, 'Tn.Belly', '2015-01-06', 99, 99, '17'),
(1052, 'Ny.Stephanie', '2015-01-06', 99, 99, '17'),
(1053, 'Tn.Erwin', '2015-01-06', 99, 99, '17'),
(1054, 'Tn.Mulyadi', '2015-01-06', 99, 99, '17'),
(1055, 'Tn.Sigit', '2015-01-06', 99, 99, '17'),
(1056, 'Ny.Abbas', '2015-01-08', 6, 7, '8'),
(1057, 'Ny.Desi', '2015-01-09', 21, 22, '8'),
(1058, 'nn.Ghina', '2015-01-09', 22, 23, '8'),
(1059, 'Tn.Ridwan', '2015-01-06', 28, 29, '17'),
(1060, 'Tn.Takuma', '2015-01-06', 99, 99, '17'),
(1062, 'Tn.Ie sien', '2015-01-07', 28, 29, '17'),
(1063, 'Tn.Husen', '2015-01-08', 20, 21, '17'),
(1064, 'Tn.Bebeng', '2015-01-09', 25, 26, '17'),
(1065, 'Brandan', '2015-01-07', 24, 25, '8'),
(1066, 'Ny.Yuliani', '2015-01-07', 29, 30, '17'),
(1067, 'Tn.Ferry', '2015-01-12', 20, 21, '17'),
(1068, 'Tn.Piet', '2015-01-12', 21, 22, '17'),
(1069, 'Ny.Ikah', '2015-01-12', 22, 23, '17'),
(1070, 'Tn.Sulaeman', '2015-01-12', 23, 24, '17'),
(1071, 'Tn.Felix', '2015-01-12', 24, 25, '17'),
(1072, 'Tn.Zahir', '2015-01-12', 25, 26, '17'),
(1073, 'Tn.Wisnu', '2015-01-12', 26, 27, '17'),
(1075, 'Diding', '2015-01-08', 14, 16, '18'),
(1076, 'Tn.Chandra', '2015-01-07', 99, 99, '17'),
(1077, 'Ny.Ferry', '2015-01-07', 99, 99, '17'),
(1078, 'Tn.Ruly', '2015-01-07', 99, 99, '17'),
(1079, 'Rayner', '2015-01-07', 99, 99, '17'),
(1080, 'Ny.Aisyah', '2015-01-07', 99, 99, '17'),
(1081, 'Tn.Dede', '2015-01-07', 99, 99, '17'),
(1082, 'Ny.Fung-fung', '2015-01-08', 21, 22, '17'),
(1083, 'Tn.Stanley', '2015-01-08', 22, 23, '17'),
(1084, 'Farel', '2015-01-08', 23, 24, '17'),
(1099, 'Tn.Christ', '2015-01-08', 24, 25, '17'),
(1086, 'Tn.Chandra', '2015-01-08', 28, 29, '17'),
(1093, 'Ny.Inge', '2015-01-08', 25, 26, '17'),
(1089, 'Pipit Arnas', '2015-01-09', 16, 18, '18'),
(1090, 'Maria Benita', '2015-01-09', 18, 20, '18'),
(1091, 'Suharti', '2015-01-09', 22, 24, '18'),
(1092, 'Alexandra Sugiri', '2015-01-09', 24, 26, '18'),
(1094, 'Ny.Nani', '2015-01-08', 26, 27, '17'),
(1095, 'Tn.Wijaya', '2015-01-08', 29, 30, '17'),
(1096, 'Sabrina', '2015-01-09', 20, 22, '18'),
(1097, 'Ny.Linda', '2015-01-08', 20, 21, '15'),
(1098, 'Tn.Freddy', '2015-01-09', 26, 28, '17'),
(1100, 'Ny.Shany', '2015-01-08', 99, 99, '17'),
(1101, 'Tn.Asep', '2015-01-08', 99, 99, '17'),
(1102, 'Ny.Eva', '2015-01-08', 99, 99, '17'),
(1103, 'Ny.Linda', '2015-01-08', 27, 28, '15'),
(1104, 'nn.monica', '2015-01-13', 25, 26, '15'),
(1105, 'nn.Jeselyn', '2015-01-13', 26, 27, '15'),
(1106, 'nn.Amel', '2015-01-15', 21, 22, '15'),
(1107, 'nn.Mega', '2015-01-15', 22, 23, '15'),
(1108, 'Tn.Ricky', '2015-01-15', 23, 24, '15'),
(1109, 'nn.Anissa', '2015-01-15', 24, 25, '15'),
(1110, 'Gideon', '2015-01-15', 25, 26, '15'),
(1111, 'nn.Audrey', '2015-01-15', 26, 27, '15'),
(1112, 'Tn.Amin', '2015-01-09', 28, 29, '17'),
(1113, 'Ny.Linda', '2015-01-09', 29, 30, '17'),
(1114, 'Tn.Benny', '2015-01-08', 99, 99, '17'),
(1115, 'Tn.Christ', '2015-01-13', 20, 22, '17'),
(1116, 'Ny.Susan', '2015-01-14', 20, 21, '17'),
(1117, 'Tn.Ruly', '2015-01-14', 21, 22, '17'),
(1118, 'Ny.Titin', '2015-01-14', 22, 23, '17'),
(1119, 'Ny.Nani', '2015-01-15', 20, 21, '17'),
(1120, 'Tn.Nandang', '2015-01-08', 99, 99, '17'),
(1121, 'Riandy Rahman Nugraha', '2015-01-08', 5, 8, '3'),
(1122, 'zeee', '2015-01-09', 6, 9, '3'),
(1123, 'Pak Amir', '2015-01-09', 8, 9, '7'),
(1124, 'Lala', '2015-01-09', 12, 16, '7'),
(1126, 'Tn.Asep', '2015-01-09', 99, 99, '17'),
(1127, 'Tn.Kun-kun', '2015-01-09', 99, 99, '17'),
(1128, 'Ny.Eva', '2015-01-09', 99, 99, '17'),
(1129, 'Tn.Dede', '2015-01-09', 99, 99, '17'),
(1132, 'Yussy Afriani Dewi', '2015-01-10', 18, 20, '18'),
(1133, 'Triyoga Herrudito', '2015-01-10', 16, 18, '18'),
(1134, 'Happy Bone', '2015-01-12', 8, 10, '18'),
(1135, 'Alexandra Sugiri', '2015-01-12', 14, 18, '18'),
(1136, 'rya', '2015-01-12', 20, 22, '18'),
(1159, 'Iit Kartika', '2015-01-12', 18, 20, '18'),
(1138, 'Rochman Suhada', '2015-01-12', 22, 24, '18'),
(1139, 'A Pasha', '2015-01-12', 24, 26, '18'),
(1160, 'Andonowati', '2015-01-12', 26, 28, '18'),
(1141, 'Harrie Lutfie', '2015-01-13', 16, 18, '18'),
(1142, 'Yusuf Arifin', '2015-01-13', 18, 20, '18'),
(1143, 'Fernita Puspasari', '2015-01-13', 20, 22, '18'),
(1144, 'Barita', '2015-01-13', 24, 26, '18'),
(1145, 'Ny.Erlin', '2015-01-12', 27, 28, '17'),
(1146, 'Ny.Linda', '2015-01-12', 28, 29, '17'),
(1147, 'Ny.Tjhie siaw tjen', '2015-01-12', 29, 30, '17'),
(1148, 'Tn.Asep', '2015-01-13', 22, 23, '17'),
(1149, 'Tn.Dede', '2015-01-13', 23, 24, '17'),
(1150, 'Ny.Yong siu tjen', '2015-01-13', 24, 25, '17'),
(1151, 'Ny.Heyi', '2015-01-13', 25, 26, '17'),
(1152, 'Tn.Freddy', '2015-01-13', 26, 27, '17'),
(1153, 'Ny.Fenny', '2015-01-13', 27, 28, '17'),
(1154, 'Tn.Rudy', '2015-01-13', 28, 29, '17'),
(1155, 'Tn.Ridwan', '2015-01-13', 29, 30, '17'),
(1156, 'Ivan', '2015-01-14', 23, 24, '17'),
(1157, 'Tn.Ferry', '2015-01-14', 24, 25, '17'),
(1158, 'Ny.Eva', '2015-01-15', 21, 22, '17'),
(1161, 'Tn.A liong', '2015-01-12', 99, 99, '17'),
(1162, 'Ny.Lanny', '2015-01-12', 99, 99, '17'),
(1163, 'Tn.Robby', '2015-01-14', 25, 26, '17'),
(1164, 'Tn.Jimmy', '2015-01-14', 26, 27, '17'),
(1165, 'nn.Yulia', '2015-01-14', 27, 28, '17'),
(1166, 'Tn.Rudi', '2015-01-12', 99, 99, '17'),
(1167, 'Tn.Dada', '2015-01-12', 99, 99, '17'),
(1168, 'Tn.Christian', '2015-01-12', 6, 7, '8'),
(1169, 'Tn.Aryanto', '2015-01-12', 22, 23, '8'),
(1170, 'Ny.Marlisa', '2015-01-12', 23, 24, '8'),
(1171, 'Nu.Ani', '2015-01-12', 99, 99, '17'),
(1172, 'Tn.Iwan', '2015-01-12', 99, 99, '17'),
(1173, 'Tn.Bambang', '2015-01-12', 99, 99, '17'),
(1174, 'Iriyanti', '2015-01-13', 26, 28, '18'),
(1175, 'Maria Benita', '2015-01-13', 22, 24, '18'),
(1176, 'Harrie Lutfie', '2015-01-14', 14, 16, '18'),
(1177, 'Zahra Shafira R', '2015-01-14', 18, 20, '18'),
(1178, 'Alexandra Sugiri', '2015-01-14', 20, 22, '18'),
(1179, 'Krishna Nur Pribadi', '2015-01-14', 22, 26, '18'),
(1180, 'Novianti', '2015-01-14', 26, 28, '18'),
(1181, 'Ny.Shopy', '2015-01-13', 99, 99, '15'),
(1182, 'Tn.Kun-kun', '2015-01-13', 99, 99, '17'),
(1183, 'Ny.Liliani', '2015-01-13', 99, 99, '17'),
(1184, 'Tn.Effendi', '2015-01-13', 99, 99, '17'),
(1185, 'Ny.Lucy', '2015-01-13', 99, 99, '17'),
(1186, 'Ny.Erlin', '2015-01-14', 28, 29, '17'),
(1187, 'Ny.Tjhie siaw tjen', '2015-01-15', 22, 23, '17'),
(1188, 'Ny.Felicia', '2015-01-15', 23, 24, '17'),
(1213, 'Ny.Lucy', '2015-01-15', 24, 25, '17'),
(1190, 'Tn.Freddy', '2015-01-15', 26, 27, '17'),
(1191, 'Ny.Shany', '2015-01-15', 27, 28, '17'),
(1192, 'Tn.Ardi lukita', '2015-01-15', 28, 29, '17'),
(1193, 'nn.Samantha', '2015-01-13', 99, 99, '15'),
(1194, 'nn.Anggya', '2015-01-13', 99, 99, '15'),
(1219, 'Ny.Abbas', '2015-01-15', 6, 7, '8'),
(1220, 'Ny.Poppy', '2015-01-16', 22, 23, '8'),
(1197, 'Said', '2015-01-15', 18, 20, '18'),
(1198, 'Triyoga Herrudito', '2015-01-15', 24, 26, '18'),
(1199, 'Bani', '2015-01-15', 26, 28, '18'),
(1200, 'Kenzi', '2015-01-15', 20, 22, '18'),
(1201, 'Novita Utami D', '2015-01-16', 16, 18, '18'),
(1237, 'Ny.Indriyani', '2015-01-16', 28, 29, '17'),
(1203, 'Sabrina', '2015-01-16', 20, 22, '18'),
(1204, 'Dicky N Wijaya', '2015-01-16', 22, 24, '18'),
(1205, 'Alin', '2015-01-16', 26, 28, '18'),
(1206, 'Andonowati', '2015-01-17', 10, 12, '18'),
(1207, 'syifa herning f', '2015-01-17', 8, 10, '18'),
(1208, 'Tn.Handi', '2015-01-14', 99, 99, '17'),
(1209, 'Tn.Eddy', '2015-01-14', 99, 99, '17'),
(1210, 'Tn.Ilham', '2015-01-14', 99, 99, '17'),
(1211, 'Ny.Linda', '2015-01-14', 99, 99, '17'),
(1212, 'Tn.Ronald', '2015-01-14', 99, 99, '17'),
(1214, 'Ny.Fenny', '2015-01-15', 25, 26, '17'),
(1215, 'Ny.Lily', '2015-01-16', 20, 21, '17'),
(1216, 'nn.Alia', '2015-01-15', 27, 28, '15'),
(1217, 'Happy Bone', '2015-01-15', 10, 12, '18'),
(1218, 'Tatang', '2015-01-15', 22, 24, '18'),
(1221, 'Ny.Ani', '2015-01-16', 21, 22, '17'),
(1222, 'Tn.Asep', '2015-01-16', 22, 23, '17'),
(1223, 'Tn.Robert', '2015-01-16', 23, 24, '17'),
(1224, 'Ny.Lanny', '2015-01-16', 24, 25, '17'),
(1225, 'Ny.Indri', '2015-01-16', 25, 26, '17'),
(1226, 'Tn.Yoyong', '2015-01-16', 26, 27, '17'),
(1227, 'drg.Ellis wendalis', '2015-01-16', 14, 16, '18'),
(1228, 'Ny.Indriyani', '2015-01-15', 29, 30, '17'),
(1229, 'Tn.Liaw tjie yan', '2015-01-16', 27, 28, '17'),
(1230, 'Tn.A liong', '2015-01-19', 20, 21, '17'),
(1231, 'Ny.Ikah', '2015-01-19', 21, 22, '17'),
(1232, 'Ny.Lanny', '2015-01-19', 22, 23, '17'),
(1233, 'Tn.Sulaeman', '2015-01-19', 23, 24, '17'),
(1234, 'Tn.Zahir', '2015-01-19', 24, 25, '17'),
(1235, 'Tn.Rudi', '2015-01-19', 25, 26, '17'),
(1236, 'Ny.Linda', '2015-01-19', 26, 27, '17'),
(1238, 'Ny.Fenny', '2015-01-16', 29, 30, '17'),
(1239, 'nn.Yoanita', '2015-01-20', 21, 22, '15'),
(1240, 'nn.Hanna', '2015-01-20', 22, 24, '15'),
(1241, 'Yusuf Arifin', '2015-01-19', 16, 18, '18'),
(1242, 'Ir Iswan Prahastono', '2015-01-19', 18, 20, '18'),
(1243, 'Eza Nadia', '2015-01-19', 20, 22, '18'),
(1244, 'rya', '2015-01-19', 22, 24, '18'),
(1245, 'Fanina Nisfulaily', '2015-01-19', 24, 26, '18'),
(1246, 'Hamdi', '2015-01-19', 14, 16, '18'),
(1247, 'Brenny Van Groesen', '2015-01-20', 14, 16, '18'),
(1248, 'Diding', '2015-01-20', 16, 18, '18'),
(1249, 'Tjatja Kuswara', '2015-01-20', 18, 20, '18'),
(1250, 'Krishna Nur Pribadi', '2015-01-20', 20, 24, '18'),
(1251, 'Barita', '2015-01-20', 24, 26, '18'),
(1252, 'Iriyanti', '2015-01-20', 26, 28, '18'),
(1253, 'Tn.Erwin', '2015-01-20', 20, 21, '17'),
(1254, 'Tn.Dede', '2015-01-20', 21, 22, '17'),
(1255, 'Tn.Ridwan', '2015-01-20', 22, 23, '17'),
(1256, 'Tn.Durmi', '2015-01-20', 23, 24, '17'),
(1257, 'Ny.Tan lie lan', '2015-01-20', 24, 25, '17'),
(1258, 'Tn.Handi', '2015-01-20', 25, 26, '17'),
(1259, 'Tn.Effendi', '2015-01-20', 26, 27, '17'),
(1260, 'Ny.Ani', '2015-01-20', 27, 28, '17'),
(1261, 'Tn.Michael', '2015-01-20', 28, 29, '17'),
(1266, 'Ny.Linda', '2015-01-19', 99, 99, '17'),
(1263, 'Tn.Yusuf', '2015-01-20', 29, 30, '17'),
(1286, 'nn.Fanny', '2015-01-22', 21, 22, '15'),
(1265, 'Ny.Linda', '2015-01-19', 99, 99, '17'),
(1268, 'Lina', '2015-01-21', 14, 16, '18'),
(1285, 'Tn.Benny', '2015-01-20', 24, 25, '15'),
(1284, 'Nunu Iman', '2015-01-21', 16, 18, '18'),
(1271, 'Rosiana Basuki', '2015-01-21', 18, 20, '18'),
(1302, 'Nenny Y', '2015-01-22', 20, 22, '18'),
(1316, 'Nugraha Dian P', '2015-01-22', 14, 16, '18');
INSERT INTO `schedule` (`id`, `patient_name`, `schedule_date`, `start_time`, `end_time`, `id_doctor`) VALUES
(1275, 'Rochman Suhada', '2015-01-21', 26, 28, '18'),
(1276, 'Tn.Ruly', '2015-01-21', 20, 21, '17'),
(1277, 'Tn.Ferry', '2015-01-21', 21, 22, '17'),
(1293, 'Tn.Hendra', '2015-01-21', 22, 23, '17'),
(1279, 'Ny.Lanny', '2015-01-21', 24, 25, '17'),
(1280, 'nn.Melina', '2015-01-21', 25, 26, '17'),
(1281, 'Ny.Muljati', '2015-01-21', 26, 27, '17'),
(1282, 'Ny.Neneng', '2015-01-21', 27, 28, '17'),
(1283, 'Ny.Ikah', '2015-01-21', 28, 29, '17'),
(1287, 'Hardi', '2015-01-22', 22, 23, '15'),
(1288, 'Tn.Sulaiman', '2015-01-22', 23, 24, '15'),
(1289, 'nn.Nur afifah', '2015-01-22', 24, 25, '15'),
(1290, 'nn.Alia', '2015-01-22', 25, 26, '15'),
(1291, 'nn.Ellen', '2015-01-22', 26, 27, '15'),
(1292, 'Ny.ani', '2015-01-20', 99, 99, '17'),
(1294, 'Tn.Stanley', '2015-01-22', 20, 21, '17'),
(1326, 'Tn.Kristianto', '2015-01-22', 21, 22, '17'),
(1296, 'Ny.Fenny', '2015-01-22', 22, 23, '17'),
(1297, 'Tn.Freddy', '2015-01-22', 23, 24, '17'),
(1298, 'Tn.Asep', '2015-01-22', 24, 25, '17'),
(1299, 'Ny.Lanny', '2015-01-22', 25, 26, '17'),
(1300, 'Ny.Lanny', '2015-01-22', 26, 27, '17'),
(1303, 'Ny.Herlina', '2015-01-21', 23, 24, '17'),
(1304, 'Tn.Durmi', '2015-01-21', 29, 30, '17'),
(1305, 'Tn.Michael', '2015-01-22', 27, 28, '17'),
(1306, 'Tn.Arif', '2015-01-22', 28, 29, '17'),
(1307, 'Tn.Yoen', '2015-01-22', 29, 30, '17'),
(1308, 'Ny.Maria', '2015-01-23', 20, 21, '17'),
(1309, 'Ny.Lily', '2015-01-23', 21, 22, '17'),
(1310, 'Ny.Indriyani', '2015-01-23', 22, 23, '17'),
(1311, 'Tn.Yoyong', '2015-01-23', 23, 24, '17'),
(1312, 'Tn.Asep nana', '2015-01-23', 24, 25, '17'),
(1313, 'Tn.Tjan kim weng', '2015-01-21', 22, 23, '8'),
(1314, 'Tn.William', '2015-01-21', 23, 24, '8'),
(1315, 'Ny.Abbas', '2015-01-22', 6, 7, '8'),
(1317, 'An Nianingrum', '2015-01-22', 16, 18, '18'),
(1318, 'Iceu Lisna', '2015-01-22', 18, 20, '18'),
(1319, 'drg.Ellis wendalis', '2015-01-23', 14, 18, '18'),
(1320, 'Shella Cynthya', '2015-01-23', 18, 20, '18'),
(1321, 'Henny Soeyono H', '2015-01-23', 20, 22, '18'),
(1322, 'Mestika', '2015-01-23', 26, 28, '18'),
(1323, 'Erika Kresnadhiany', '2015-01-23', 22, 24, '18'),
(1324, 'drg.Ratih', '2015-01-23', 24, 26, '18'),
(1325, 'Blasius', '2015-01-22', 22, 24, '18'),
(1327, 'Tn.Ferry', '2015-01-22', 99, 99, '17'),
(1328, 'Tn.William', '2015-01-22', 24, 25, '8'),
(1332, 'Tn.Arga', '2015-01-22', 99, 99, '17'),
(1331, 'Ny.Muljati', '2015-01-22', 99, 99, '17'),
(1333, 'Ny.Evi', '2015-01-22', 99, 99, '17'),
(1334, 'Tn.Pandi', '2015-01-22', 99, 99, '17'),
(1335, 'Tn.Iwan', '2015-01-23', 25, 26, '17'),
(1336, 'Ny.Erna', '2015-01-23', 26, 27, '17'),
(1337, 'Tn.Pendi', '2015-01-23', 27, 28, '17'),
(1338, 'Tn.Budiman', '2015-01-23', 28, 29, '17'),
(1339, 'Ny.Ikah', '2015-01-23', 29, 30, '17'),
(1347, 'Tn.William', '2015-01-23', 22, 23, '8'),
(1341, 'Emira Monaliza', '2015-01-24', 9, 11, '18'),
(1342, 'Lina', '2015-01-24', 12, 14, '18'),
(1386, 'Hamdi', '2015-01-26', 14, 16, '18'),
(1344, 'Zahra Shafira R', '2015-01-24', 18, 20, '18'),
(1385, 'Harrie Lutfie', '2015-01-24', 16, 18, '18'),
(1348, 'Ny.Nansy', '2015-01-23', 23, 24, '8'),
(1349, 'Ny.Ratih', '2015-01-23', 99, 99, '17'),
(1350, 'Tn.Yudi', '2015-01-23', 99, 99, '17'),
(1351, 'Ny.Lilian', '2015-01-26', 20, 21, '17'),
(1352, 'Tn.Rudi', '2015-01-26', 21, 22, '17'),
(1353, 'Ny.Ani', '2015-01-26', 22, 23, '17'),
(1354, 'Tn.Sulaeman', '2015-01-26', 23, 24, '17'),
(1355, 'Tn.Zahir', '2015-01-26', 24, 25, '17'),
(1356, 'Ny.Marlina', '2015-01-26', 25, 26, '17'),
(1357, 'Tn.Freddy', '2015-01-26', 26, 27, '17'),
(1358, 'Ny.Fenny', '2015-01-26', 27, 28, '17'),
(1359, 'Ny.Yuni', '2015-01-26', 28, 29, '17'),
(1360, 'Tn.Michael', '2015-01-26', 29, 30, '17'),
(1361, 'nn.Eva', '2015-01-23', 99, 99, '17'),
(1362, 'Tn.Asep', '2015-01-23', 99, 99, '17'),
(1363, 'Ny.Tan ing sang', '2015-01-23', 99, 99, '17'),
(1364, 'Pak Simon', '2015-01-23', 23, 25, '10'),
(1365, 'Pak Amir', '2015-01-23', 99, 99, '10'),
(1366, 'Ibu Ratna', '2015-01-23', 28, 30, '10'),
(1367, 'Ny.Vhey', '2015-01-23', 99, 99, '17'),
(1368, 'Ny.Teng ay giok', '2015-01-23', 99, 99, '17'),
(1369, 'Ny.Yuni', '2015-01-23', 25, 26, '8'),
(1370, 'Tn.Christian', '2015-01-26', 6, 7, '8'),
(1372, 'Ny.Silviana', '2015-01-26', 7, 8, '8'),
(1373, 'Tn.Wisnu', '2015-01-26', 21, 22, '8'),
(1374, 'Brandan', '2015-01-26', 24, 25, '8'),
(1375, 'nn.Hanna', '2015-01-27', 21, 22, '15'),
(1376, 'nn.Anggya', '2015-01-27', 23, 24, '15'),
(1377, 'nn.Samantha', '2015-01-27', 24, 25, '15'),
(1378, 'Tn.Ricky', '2015-01-29', 22, 23, '15'),
(1379, 'nn.Amel', '2015-01-29', 23, 24, '15'),
(1380, 'nn.Fanny', '2015-01-29', 24, 25, '15'),
(1381, 'nn.Anissa', '2015-01-29', 25, 26, '15'),
(1382, 'nn.Ivana', '2015-01-29', 26, 27, '15'),
(1383, 'nn.Livia', '2015-01-23', 99, 99, '17'),
(1384, 'Tn.Pandi', '2015-01-23', 99, 99, '17'),
(1387, 'rya', '2015-01-26', 16, 18, '18'),
(1393, 'Nenny Y', '2015-01-26', 18, 20, '18'),
(1389, 'Natalia', '2015-01-26', 20, 22, '18'),
(1390, 'Iriyanti', '2015-01-26', 22, 24, '18'),
(1391, 'Rochman Suhada', '2015-01-26', 24, 26, '18'),
(1392, 'Wiwin Riswanti', '2015-01-26', 26, 28, '18'),
(1394, 'Wenda', '2015-01-27', 12, 14, '18'),
(1395, 'Antony Pandapotan', '2015-01-27', 16, 18, '18'),
(1451, 'Nenny Y', '2015-01-27', 18, 20, '18'),
(1397, 'Rosiana Basuki', '2015-01-27', 20, 22, '18'),
(1398, 'Nurul Amalia', '2015-01-27', 22, 24, '18'),
(1399, 'Barita', '2015-01-27', 26, 28, '18'),
(1401, 'Diding', '2015-01-27', 24, 26, '18'),
(1402, 'Ny.Oey tjeng sing', '2015-01-26', 99, 99, '17'),
(1403, 'Ny.Sukma', '2015-01-26', 99, 99, '17'),
(1404, 'Tn.Ahong', '2015-01-26', 99, 99, '17'),
(1405, 'Tn.Ridwan', '2015-01-27', 20, 21, '17'),
(1406, 'Ny.Tjhie siaw tjen', '2015-01-27', 21, 22, '17'),
(1407, 'Tn.H. Toto', '2015-01-27', 22, 23, '17'),
(1408, 'Ny.Herlina', '2015-01-27', 23, 24, '17'),
(1409, 'Ny.Harsini', '2015-01-27', 24, 25, '17'),
(1410, 'Tn.Durmi', '2015-01-27', 25, 26, '17'),
(1411, 'Tn.Handi', '2015-01-27', 26, 27, '17'),
(1412, 'Tn.Amin', '2015-01-27', 27, 28, '17'),
(1413, 'Ny.Ratih', '2015-01-27', 28, 29, '17'),
(1414, 'Tn.Jhonny', '2015-01-27', 29, 30, '17'),
(1415, 'Ny.Ho mei ing', '2015-01-28', 20, 21, '17'),
(1416, 'Tn.Ruly', '2015-01-28', 21, 22, '17'),
(1417, 'Ny.Anny', '2015-01-28', 22, 23, '17'),
(1418, 'Ny.Lanny', '2015-01-28', 23, 24, '17'),
(1419, 'Ny.Lanny', '2015-01-28', 24, 25, '17'),
(1420, 'nn.Jessica', '2015-01-28', 25, 26, '17'),
(1421, 'Ny.Emmy', '2015-01-28', 26, 27, '17'),
(1422, 'Tn.Asep', '2015-01-28', 27, 28, '17'),
(1423, 'Tn.Ikun', '2015-01-28', 28, 29, '17'),
(1424, 'Tn.Tommy', '2015-01-28', 29, 30, '17'),
(1425, 'Ny.Achun', '2015-01-29', 20, 21, '17'),
(1426, 'Tn.Ferry', '2015-01-29', 21, 22, '17'),
(1427, 'Ny.Fenny', '2015-01-29', 22, 23, '17'),
(1428, 'Tn.Freddy', '2015-01-29', 23, 24, '17'),
(1429, 'Ny.Indriyani', '2015-01-29', 24, 25, '17'),
(1430, 'Ny.Muljati', '2015-01-29', 25, 26, '17'),
(1431, 'Ny.Eva', '2015-01-29', 26, 27, '17'),
(1432, 'Tn.Christ', '2015-01-29', 28, 29, '17'),
(1433, 'Tn.Ivan', '2015-01-29', 29, 30, '17'),
(1434, 'Ny.Ecin', '2015-01-30', 20, 21, '17'),
(1435, 'Ny.Lily', '2015-01-30', 21, 22, '17'),
(1436, 'Ny.Vhey', '2015-01-30', 22, 23, '17'),
(1437, 'Tn.Yoyong', '2015-01-30', 25, 26, '17'),
(1438, 'Ny.Shany', '2015-01-30', 26, 27, '17'),
(1439, 'Tn.Tjan kim weng', '2015-01-28', 22, 23, '8'),
(1440, 'Sulaeman', '2015-01-28', 25, 26, '8'),
(1441, 'Ny.Nansy', '2015-01-30', 22, 23, '8'),
(1442, 'Ny.Abbas', '2015-01-29', 6, 7, '8'),
(1443, 'Ny.Lucy', '2015-01-26', 99, 99, '17'),
(1444, 'Ny.Linda', '2015-01-26', 99, 99, '17'),
(1445, 'Tn.Ronald', '2015-01-26', 99, 99, '17'),
(1446, 'Sito', '2015-01-27', 22, 24, '9'),
(1447, 'setio', '2015-01-27', 24, 26, '9'),
(1448, 'saerawati', '2015-01-27', 26, 27, '9'),
(1449, 'Lidya', '2015-01-29', 22, 24, '9'),
(1450, 'dr nurul', '2015-01-29', 24, 26, '9'),
(1452, 'Lina', '2015-01-28', 14, 16, '18'),
(1460, 'Ny.Tjoeng tjian fa', '2015-01-27', 99, 99, '17'),
(1454, 'Tjatja Kuswara', '2015-01-28', 16, 20, '18'),
(1455, 'Yoanita', '2015-01-28', 20, 22, '18'),
(1456, 'Fanina Nisfulaily', '2015-01-28', 22, 24, '18'),
(1457, 'Firyal Nabila Ridfani', '2015-01-28', 24, 26, '18'),
(1458, 'Bani', '2015-01-28', 26, 28, '18'),
(1459, 'Tn.Wong tjaw long', '2015-01-29', 27, 28, '17'),
(1461, 'Ny.Oey tjeng sing', '2015-01-27', 99, 99, '17'),
(1462, 'Ny.Ani', '2015-01-27', 99, 99, '17'),
(1463, 'Ny.Fenny', '2015-01-27', 99, 99, '17'),
(1464, 'Tn.Freddy', '2015-01-27', 99, 99, '17'),
(1465, 'Ny.Farida', '2015-01-27', 99, 99, '17'),
(1466, 'Ny.Aisyah', '2015-01-27', 99, 99, '17'),
(1492, 'Riny Herliany', '2015-01-29', 14, 16, '18'),
(1468, 'Purba Tambunan', '2015-01-29', 16, 18, '18'),
(1469, 'An Nianingrum', '2015-01-29', 18, 20, '18'),
(1470, 'Dwi Hendratmo W', '2015-01-29', 20, 22, '18'),
(1471, 'Iceu Lisna', '2015-01-29', 22, 24, '18'),
(1472, 'Melisa winda', '2015-01-29', 24, 26, '18'),
(1473, 'Mudiarti', '2015-01-29', 26, 28, '18'),
(1475, 'Ny.Farida', '2015-01-28', 99, 99, '17'),
(1476, 'Ny.Gita', '2015-01-28', 99, 99, '17'),
(1477, 'Ny.Gita', '2015-01-28', 99, 99, '17'),
(1478, 'Ny.Yuni', '2015-01-28', 99, 99, '17'),
(1479, 'nn.Carlenska', '2015-01-28', 99, 99, '17'),
(1480, 'Tn.Felix', '2015-01-28', 99, 99, '17'),
(1481, 'Tn.Arga', '2015-01-28', 99, 99, '17'),
(1482, 'Ny.Chrisna', '2015-01-28', 99, 99, '17'),
(1483, 'Ny.Chrisna', '2015-01-28', 99, 99, '17'),
(1484, 'Tn.Wong tjaw long', '2015-01-28', 99, 99, '17'),
(1485, 'ff6', '2015-01-28', 10, 12, '7'),
(1486, 'yy', '2015-01-28', 14, 16, '7'),
(1487, 'Novita Utami D', '2015-01-30', 16, 18, '18'),
(1495, 'Nanda Tiandra', '2015-01-30', 18, 20, '18'),
(1489, 'Andonowati', '2015-01-30', 22, 24, '18'),
(1490, 'Henny Soeyono H', '2015-01-30', 24, 26, '18'),
(1491, 'Zahra Shafira R', '2015-01-30', 26, 28, '18'),
(1493, 'Pak Amir', '2015-01-29', 22, 24, '10'),
(1494, 'Pak Simon', '2015-01-29', 24, 26, '10'),
(1496, 'Natalia', '2015-01-31', 10, 12, '18'),
(1497, 'Junida', '2015-01-31', 12, 14, '18'),
(1498, 'Mudiarti', '2015-01-31', 14, 16, '18'),
(1499, 'Rizal Dwiguna A', '2015-01-31', 16, 18, '18'),
(1500, 'Mellyana K', '2015-01-31', 18, 20, '18'),
(1501, 'Datin', '2015-01-31', 20, 22, '18'),
(1502, 'Ny.Marlina', '2015-01-30', 24, 25, '17'),
(1503, 'Ny.Petricia', '2015-01-30', 27, 28, '17'),
(1504, 'Ny.Tan lie lan', '2015-01-30', 28, 29, '17'),
(1505, 'Ny.Tommy', '2015-01-30', 29, 30, '17'),
(1506, 'Ny.Oey tjeng sing', '2015-01-30', 99, 99, '17'),
(1507, 'Ny.Lilian', '2015-02-02', 20, 21, '17'),
(1508, 'Tn.Ahong', '2015-02-02', 21, 22, '17'),
(1509, 'Ny.Ani', '2015-02-02', 22, 23, '17'),
(1510, 'nn.Sheny', '2015-02-02', 23, 24, '17'),
(1511, 'Ny.Oey tjeng sing', '2015-02-02', 24, 25, '17'),
(1512, 'Tn.Asep', '2015-02-02', 25, 26, '17'),
(1513, 'Tn.Edwin', '2015-02-02', 26, 27, '17'),
(1514, 'Ny.Lisa', '2015-02-02', 27, 28, '17'),
(1515, 'Tn.Henry', '2015-02-02', 28, 29, '17'),
(1516, 'Ny.Tommy', '2015-01-30', 99, 99, '8'),
(1517, 'nn.Dini', '2015-01-30', 99, 99, '8'),
(1518, 'Tn.Christian', '2015-02-02', 6, 7, '8'),
(1519, 'Ny.Nansy', '2015-02-02', 24, 25, '8'),
(1520, 'nn.Christabella', '2015-01-30', 99, 99, '8'),
(1521, 'nn.Christabella', '2015-01-30', 23, 24, '17'),
(1522, 'Ny.Kartini', '2015-01-30', 99, 99, '8'),
(1523, 'Tn.Sonny', '2015-01-30', 99, 99, '8'),
(1524, 'Djoni Koesnandar', '2015-02-02', 14, 16, '18'),
(1525, 'Denaz Arfiano A', '2015-02-02', 18, 20, '18'),
(1526, 'Purwono', '2015-02-02', 20, 22, '18'),
(1527, 'rya', '2015-02-02', 22, 24, '18'),
(1528, 'Nenny Y', '2015-02-02', 24, 26, '18'),
(1529, 'Iriyanti', '2015-02-02', 26, 28, '18'),
(1530, 'Pak Simon', '2015-01-31', 25, 27, '10'),
(1531, 'Riandy Rahman Nugraha', '2015-02-03', 3, 6, '3'),
(1532, 'Happy Bone', '2015-02-02', 10, 12, '18'),
(1533, 'Mudiarti', '2015-02-02', 16, 18, '18'),
(1534, 'Antony Pandapotan', '2015-02-03', 14, 16, '18'),
(1535, 'Rosda', '2015-02-03', 16, 18, '18'),
(1536, 'Rosiana Basuki', '2015-02-03', 18, 20, '18'),
(1537, 'Iceu Lisna', '2015-02-03', 24, 26, '18'),
(1538, 'Barita', '2015-02-03', 26, 28, '18'),
(1615, 'Said', '2015-02-05', 14, 16, '18'),
(1540, 'Erni Rosniawati', '2015-02-03', 22, 24, '18'),
(1541, 'Ny.Kartini', '2015-02-02', 23, 24, '8'),
(1542, 'Tn.Zahir', '2015-02-02', 29, 30, '17'),
(1543, 'Tn.Erwin', '2015-02-03', 20, 21, '17'),
(1544, 'Tn.Dede', '2015-02-03', 21, 22, '17'),
(1545, 'Tn.Durmi', '2015-02-03', 22, 23, '17'),
(1546, 'Ny.Ratih', '2015-02-03', 23, 24, '17'),
(1547, 'Ny.Tjoeng tjian fa', '2015-02-03', 24, 25, '17'),
(1548, 'Tn.Ridwan', '2015-02-03', 26, 27, '17'),
(1549, 'Tn.Handi', '2015-02-03', 27, 28, '17'),
(1550, 'Tn.Yoyong', '2015-02-03', 28, 29, '17'),
(1551, 'Ny.Petricia', '2015-02-03', 29, 30, '17'),
(1552, 'Tn.William', '2015-02-04', 20, 22, '17'),
(1553, 'Tn.Ruly', '2015-02-04', 22, 23, '17'),
(1554, 'Ny.Lanny', '2015-02-04', 23, 24, '17'),
(1555, 'Ny.Farida', '2015-02-04', 24, 25, '17'),
(1556, 'Ny.Ikah', '2015-02-04', 25, 26, '17'),
(1557, 'Tn.Arga', '2015-02-04', 26, 27, '17'),
(1558, 'Tn.Freddy', '2015-02-04', 27, 28, '17'),
(1559, 'Ny.Fenny', '2015-02-04', 28, 29, '17'),
(1560, 'Tn.Wong tjaw long', '2015-02-05', 20, 21, '17'),
(1561, 'Ny.Achun', '2015-02-05', 21, 22, '17'),
(1562, 'Ny.Lily', '2015-02-05', 22, 23, '17'),
(1563, 'Ny.Shany', '2015-02-05', 23, 24, '17'),
(1564, 'Ny.Yulianti', '2015-02-05', 27, 28, '17'),
(1565, 'Tn.Indra', '2015-02-06', 20, 21, '17'),
(1566, 'Ny.Indriyani', '2015-02-06', 21, 22, '17'),
(1567, 'Ny.Ecin', '2015-02-06', 22, 23, '17'),
(1568, 'Tn.Teten', '2015-02-06', 26, 27, '17'),
(1569, 'Ny.Muljati', '2015-02-06', 27, 28, '17'),
(1570, 'Ny.Tan lie lan', '2015-02-06', 28, 29, '17'),
(1571, 'nn.Alia', '2015-02-03', 21, 22, '15'),
(1572, 'nn.Mega', '2015-02-03', 22, 23, '15'),
(1573, 'nn.monica', '2015-02-03', 23, 24, '15'),
(1574, 'nn.Nur afifah', '2015-02-03', 24, 25, '15'),
(1575, 'Tn.Erwin', '2015-02-03', 25, 26, '15'),
(1576, 'nn.Alisa', '2015-02-03', 26, 27, '15'),
(1577, 'Gideon', '2015-02-03', 27, 28, '15'),
(1578, 'Hardi', '2015-02-05', 21, 23, '15'),
(1579, 'Tn.Sulaiman', '2015-02-05', 25, 26, '15'),
(1580, 'Ibu Ratna', '2015-02-03', 24, 27, '10'),
(1581, 'Ibu Linda', '2015-02-02', 26, 28, '10'),
(1591, 'Ibu Cita', '2015-02-03', 22, 24, '10'),
(1587, 'Pak Amir', '2015-02-04', 25, 27, '10'),
(1584, 'Pak Sofyan', '2015-02-06', 24, 28, '10'),
(1585, 'Pak Arnold', '2015-02-05', 26, 28, '10'),
(1586, 'Ibu Siti', '2015-02-04', 22, 25, '10'),
(1588, 'Pak Amin', '2015-02-02', 24, 26, '10'),
(1592, 'jnjnjn ', '2015-02-03', 22, 24, '10'),
(1590, 'Ibu Tari', '2015-02-05', 22, 24, '10'),
(1593, 'knkkmkm', '2015-02-03', 22, 24, '10'),
(1594, 'Tn.Wijaya', '2015-02-02', 25, 26, '8'),
(1595, 'Ny.Glory', '2015-02-03', 25, 26, '17'),
(1628, 'Tn.Asep', '2015-02-04', 29, 30, '17'),
(1597, 'Hellen', '2015-02-04', 13, 16, '18'),
(1598, 'Lina', '2015-02-04', 16, 18, '18'),
(1599, 'Sandra Martianasari', '2015-02-04', 18, 20, '18'),
(1600, 'Nenny Y', '2015-02-04', 22, 24, '18'),
(1601, 'Anna Meilina', '2015-02-04', 20, 22, '18'),
(1602, 'Kelvin', '2015-02-04', 24, 26, '18'),
(1603, 'Keiza', '2015-02-04', 26, 28, '18'),
(1604, 'Tn.Chandra', '2015-02-03', 99, 99, '17'),
(1605, 'Tn.Reza', '2015-02-03', 99, 99, '17'),
(1606, 'Tn.Dede', '2015-02-03', 99, 99, '17'),
(1607, 'Tn.Indra', '2015-02-03', 99, 99, '17'),
(1608, 'Ny.Russy', '2015-02-05', 24, 25, '17'),
(1609, 'Tn.Reza', '2015-02-05', 25, 26, '17'),
(1610, 'Ny.Rita', '2015-02-05', 26, 27, '17'),
(1611, 'Ny.Anna', '2015-02-06', 25, 26, '17'),
(1612, 'nn.Ellen', '2015-02-03', 99, 99, '15'),
(1613, 'Ethan', '2015-02-03', 99, 99, '15'),
(1614, 'Ny.Glory', '2015-02-03', 99, 99, '15'),
(1635, 'Oki Fahrezi', '2015-02-05', 20, 22, '18'),
(1618, 'Ny.Glory', '2015-02-04', 21, 22, '8'),
(1619, 'Tn.Tjan kim weng', '2015-02-04', 22, 23, '8'),
(1620, 'nn.Christabella', '2015-02-04', 24, 25, '8'),
(1621, 'Brendan', '2015-02-04', 25, 26, '8'),
(1622, 'Tn.Ahong', '2015-02-04', 99, 99, '17'),
(1623, 'Sisca', '2015-02-05', 24, 26, '18'),
(1625, 'Ny.Maryatun', '2015-02-04', 99, 99, '17'),
(1626, 'Pak Amir', '2015-02-04', 8, 10, '7'),
(1627, 'Tn.A liong', '2015-02-04', 99, 99, '17'),
(1629, 'Ny.Waty', '2015-02-04', 99, 99, '17'),
(1630, 'Tn.Durmi', '2015-02-05', 28, 29, '17'),
(1631, 'Ny.Nia', '2015-02-05', 29, 30, '17'),
(1632, 'Ny.Ani', '2015-02-04', 99, 99, '17'),
(1633, 'Tn.Barry', '2015-02-04', 99, 99, '17'),
(1634, 'Pak Amir', '2015-02-05', 8, 10, '7'),
(1659, 'Krishna Nur Pribadi', '2015-02-07', 8, 10, '18'),
(1637, 'Jainah', '2015-02-06', 22, 24, '18'),
(1638, 'Iceu Lisna', '2015-02-06', 24, 26, '18'),
(1639, 'Kallista Andjani', '2015-02-06', 26, 28, '18'),
(1640, 'A. Budi Susilo', '2015-02-07', 10, 12, '18'),
(1641, 'Junida', '2015-02-07', 14, 16, '18'),
(1642, 'Riny Herliany', '2015-02-07', 16, 18, '18'),
(1643, 'Mellyana K', '2015-02-07', 18, 20, '18'),
(1644, 'Datin', '2015-02-07', 20, 22, '18'),
(1645, 'Hendra Thomas', '2015-02-07', 12, 14, '18'),
(1646, 'Tn.Dede', '2015-02-05', 99, 99, '17'),
(1647, 'Ny.Oey tjeng sing', '2015-02-05', 99, 99, '17'),
(1652, 'Tn.A liong', '2015-02-09', 21, 22, '17'),
(1653, 'Ny.Lily', '2015-02-09', 22, 23, '17'),
(1654, 'Tn.Sulaeman', '2015-02-09', 23, 24, '17'),
(1655, 'Ny.Fenny', '2015-02-09', 24, 25, '17'),
(1656, 'nn.Melisa', '2015-02-09', 25, 26, '17'),
(1657, 'Tn.Dede', '2015-02-09', 26, 27, '17'),
(1658, 'Tn.Tommy', '2015-02-10', 20, 21, '17'),
(1660, 'Tn.Tjan kim weng', '2015-02-06', 22, 23, '8'),
(1661, 'nn.Melina', '2015-02-06', 99, 99, '17'),
(1662, 'Ny.The siu mey', '2015-02-06', 99, 99, '17'),
(1663, 'Tn.H. Abdurahman', '2015-02-06', 99, 99, '17'),
(1664, 'Ny.Lani', '2015-02-06', 99, 99, '17'),
(1665, 'Ny.Siti', '2015-02-06', 99, 99, '17'),
(1666, 'nn.Wendy', '2015-02-06', 99, 99, '17'),
(1667, 'Tn.Unang', '2015-02-09', 27, 28, '17'),
(1668, 'Tn.Indra', '2015-02-09', 28, 29, '17'),
(1669, 'Ny.Farida', '2015-02-09', 29, 30, '17'),
(1670, 'Lucky Soeryo', '2015-02-09', 16, 18, '18'),
(1671, 'Mudiarti', '2015-02-09', 14, 16, '18'),
(1677, 'Sekar Pandanwangi', '2015-02-10', 14, 16, '18'),
(1673, 'rya', '2015-02-09', 20, 22, '18'),
(1674, 'Suharti', '2015-02-09', 22, 24, '18'),
(1675, 'Christyfani', '2015-02-09', 26, 28, '18'),
(1676, 'Sandra Martianasari', '2015-02-09', 24, 26, '18'),
(1678, 'An Nianingrum', '2015-02-10', 16, 18, '18'),
(1679, 'Oki Fahrezi', '2015-02-10', 18, 20, '18'),
(1680, 'Nenny Y', '2015-02-10', 24, 26, '18'),
(1681, 'Jainah', '2015-02-10', 20, 24, '18'),
(1682, 'Firyal Nabila Ridfani', '2015-02-10', 26, 28, '18'),
(1683, 'Pratiwi Dessy', '2015-02-11', 16, 18, '18'),
(1684, 'Hendra Thomas', '2015-02-11', 18, 20, '18'),
(1685, 'Iceu Lisna', '2015-02-11', 20, 22, '18'),
(1686, 'Riny Herliany', '2015-02-11', 22, 24, '18'),
(1687, 'Christyfani', '2015-02-11', 26, 28, '18'),
(1688, 'nn.Alia', '2015-02-10', 21, 22, '15'),
(1689, 'Ny.Ruly', '2015-02-10', 22, 23, '15'),
(1690, 'nn.Mega', '2015-02-10', 23, 24, '15'),
(1691, 'nn.Samantha', '2015-02-10', 24, 25, '15'),
(1692, 'nn.Anabel', '2015-02-10', 25, 26, '15'),
(1693, 'nn.Melisa', '2015-02-10', 26, 27, '15'),
(1694, 'Tn.Chandra', '2015-02-10', 21, 22, '17'),
(1695, 'Tn.William', '2015-02-10', 22, 23, '17'),
(1696, 'Ny.Sienny', '2015-02-10', 23, 24, '17'),
(1723, 'Ny.Chen fu ing', '2015-02-10', 24, 25, '17'),
(1698, 'Tn.Dede', '2015-02-10', 25, 26, '17'),
(1699, 'Tn.Handi', '2015-02-10', 26, 27, '17'),
(1700, 'Ny.Petricia', '2015-02-10', 27, 28, '17'),
(1701, 'Tn.Indra', '2015-02-10', 28, 29, '17'),
(1702, 'Tn.Asep', '2015-02-10', 29, 30, '17'),
(1703, 'Tn.Ruly', '2015-02-11', 20, 21, '17'),
(1704, 'Ny.Anny', '2015-02-11', 21, 22, '17'),
(1705, 'Ny.Indriyani', '2015-02-11', 22, 23, '17'),
(1706, 'Ny.Lanny', '2015-02-11', 23, 24, '17'),
(1707, 'Tn.Harijanto', '2015-02-11', 24, 25, '17'),
(1708, 'Ny.Lo Tjew sien', '2015-02-11', 25, 26, '17'),
(1709, 'Tn.Arga', '2015-02-11', 26, 27, '17'),
(1710, 'Tn.Indra', '2015-02-11', 27, 28, '17'),
(1711, 'Tn.Dedi', '2015-02-11', 28, 29, '17'),
(1712, 'Ny.Saripah', '2015-02-11', 29, 30, '17'),
(1713, 'Tn.Wirawan', '2015-02-12', 20, 21, '17'),
(1714, 'Tn.Indra', '2015-02-12', 21, 22, '17'),
(1715, 'Tn.Unang', '2015-02-12', 22, 23, '17'),
(1716, 'Tn.Afen', '2015-02-12', 23, 24, '17'),
(1717, 'nn.Wendy', '2015-02-12', 24, 25, '17'),
(1778, 'Tn.Wirawan', '2015-02-13', 20, 21, '17'),
(1719, 'Tn.Alvin', '2015-02-13', 23, 24, '17'),
(1720, 'Ny.Siti', '2015-02-13', 24, 25, '17'),
(1779, 'Tn.Rusli', '2015-02-13', 25, 26, '17'),
(1777, 'Ny.Lily', '2015-02-12', 99, 99, '17'),
(1724, 'Ny.Magdalena', '2015-02-10', 99, 99, '15'),
(1725, 'nn.Anggya', '2015-02-10', 99, 99, '15'),
(1726, 'nn.Anne', '2015-02-10', 99, 99, '15'),
(1727, 'Ny.angelia', '2015-02-12', 21, 22, '15'),
(1728, 'Ny.Yuni', '2015-02-10', 99, 99, '17'),
(1729, 'Tn.Rivo', '2015-02-10', 99, 99, '17'),
(1730, 'Ny.Farida', '2015-02-10', 99, 99, '17'),
(1731, 'Ny.Yuni', '2015-02-12', 25, 26, '17'),
(1732, 'Ny.Magdalena', '2015-02-11', 21, 22, '8'),
(1733, 'nn.Christabella', '2015-02-11', 22, 23, '8'),
(1734, 'Ny.Lanny', '2015-02-11', 24, 25, '8'),
(1735, 'Ny.Lani', '2015-02-12', 6, 7, '8'),
(1736, 'Ny.Nansy', '2015-02-13', 22, 23, '8'),
(1737, 'Brendan', '2015-02-13', 24, 25, '8'),
(1738, 'nn.Fanny', '2015-02-12', 22, 23, '15'),
(1739, 'Ny.Shopy', '2015-02-12', 23, 24, '15'),
(1740, 'Tn.Ricky', '2015-02-12', 24, 25, '15'),
(1741, 'nn.Anissa', '2015-02-12', 25, 26, '15'),
(1742, 'nn.Ivana', '2015-02-12', 26, 27, '15'),
(1743, 'Ny.Vitasari', '2015-02-11', 99, 99, '17'),
(1744, 'Tn.Ferry', '2015-02-11', 99, 99, '17'),
(1745, 'Ny.Heryanti', '2015-02-11', 99, 99, '17'),
(1746, 'Tn.Asep', '2015-02-12', 26, 27, '17'),
(1747, 'nn.Melisa', '2015-02-12', 27, 28, '17'),
(1748, 'Tn.Tommy', '2015-02-11', 99, 99, '17'),
(1749, 'Ny.Farida', '2015-02-11', 99, 99, '17'),
(1750, 'Tn.Gunawan', '2015-02-11', 99, 99, '17'),
(1751, 'Wiesye Fianne', '2015-02-12', 14, 16, '18'),
(1752, 'Fernita Puspasari', '2015-02-12', 16, 18, '18'),
(1753, 'Jainah', '2015-02-12', 18, 20, '18'),
(1754, 'Siti Januwiati', '2015-02-12', 20, 22, '18'),
(1755, 'drg.Ellis wendalis', '2015-02-13', 14, 16, '18'),
(1794, 'Ny.Shairly', '2015-02-16', 21, 22, '8'),
(1795, 'Ny.Magdalena', '2015-02-16', 22, 23, '8'),
(1758, 'Melisa winda', '2015-02-13', 26, 28, '18'),
(1759, 'Natalia', '2015-02-14', 10, 12, '18'),
(1760, 'Erni Rosniawati', '2015-02-14', 16, 20, '18'),
(1761, 'Sekar Pandanwangi', '2015-02-16', 16, 18, '18'),
(1793, 'Mudiarti', '2015-02-16', 22, 24, '18'),
(1763, 'rya', '2015-02-16', 20, 22, '18'),
(1764, 'Barita', '2015-02-16', 24, 26, '18'),
(1765, 'Junida', '2015-02-16', 26, 28, '18'),
(1766, 'Nickodemus', '2015-02-16', 14, 16, '18'),
(1767, 'Siauwtjing', '2015-02-16', 18, 20, '18'),
(1768, 'setiabudi', '2015-02-13', 22, 24, '18'),
(1769, 'Silvana halim', '2015-02-13', 24, 26, '18'),
(1791, 'Rudi indriawan', '2015-02-14', 14, 16, '18'),
(1771, 'Antony Pandapotan', '2015-02-17', 14, 18, '18'),
(1772, 'Dewi yuniarti', '2015-02-17', 18, 20, '18'),
(1773, 'Farita saraswati', '2015-02-17', 20, 22, '18'),
(1774, 'Wiwin Riswanti', '2015-02-17', 26, 28, '18'),
(1775, 'Neni y', '2015-02-17', 24, 26, '18'),
(1776, 'Tn.Tommy', '2015-02-12', 28, 29, '17'),
(1780, 'nn.Melissa', '2015-02-13', 26, 27, '17'),
(1783, 'nn.Karlina', '2015-02-12', 99, 99, '15'),
(1782, 'Tn.Anton', '2015-02-13', 28, 29, '17'),
(1784, 'Tn.Tjan kim weng', '2015-02-13', 23, 24, '8'),
(1786, 'Christyfani', '2015-02-18', 14, 16, '18'),
(1787, 'Yusuf Arifin', '2015-02-18', 16, 18, '18'),
(1788, 'Iit Kartika', '2015-02-18', 18, 20, '18'),
(1789, 'Pak Amir', '2015-02-13', 8, 10, '7'),
(1790, 'Budi Yuwono', '2015-02-14', 12, 14, '18'),
(1792, 'Festi', '2015-02-14', 20, 22, '18'),
(1796, 'nn.Karlina', '2015-02-18', 22, 23, '8'),
(1797, 'Ny.Indri', '2015-02-18', 23, 25, '8'),
(1798, 'nn.Audrey', '2015-02-17', 21, 22, '15'),
(1799, 'nn.Alisa', '2015-02-17', 23, 24, '15'),
(1800, 'Hardi', '2015-02-17', 24, 25, '15'),
(1801, 'Ny.Ruly', '2015-02-17', 22, 23, '15'),
(1802, 'Tn.Sulaiman', '2015-02-17', 25, 26, '15'),
(1803, 'Riandy Rahman Nugraha', '2015-02-17', 4, 7, '3'),
(1804, 'Riandy Rahman Nugraha', '2015-02-18', 5, 8, '3'),
(1805, 'Riandy Rahman Nugraha', '2015-02-17', 7, 10, '3');

-- --------------------------------------------------------

--
-- Struktur dari tabel `time_convert`
--

CREATE TABLE IF NOT EXISTS `time_convert` (
  `id` int(11) DEFAULT NULL,
  `time` varchar(255) DEFAULT NULL
) ENGINE=MyISAM DEFAULT CHARSET=latin1;

--
-- Dumping data untuk tabel `time_convert`
--

INSERT INTO `time_convert` (`id`, `time`) VALUES
(0, '06:00'),
(1, '06:30'),
(2, '07:00'),
(3, '07:30'),
(4, '08:00'),
(5, '08:30'),
(6, '09:00'),
(8, '10:00'),
(7, '09:30'),
(9, '10:30'),
(10, '11:00'),
(11, '11:30'),
(12, '12:00'),
(13, '12:30'),
(14, '13:00'),
(15, '13:30'),
(16, '14:00'),
(17, '14:30'),
(18, '15:00'),
(19, '15:30'),
(20, '16:00'),
(21, '16:30'),
(22, '17:00'),
(23, '17:30'),
(24, '18:00'),
(25, '18:30'),
(26, '19:00'),
(27, '19:30'),
(28, '20:00'),
(29, '20:30'),
(30, '21:00'),
(31, '21:30'),
(32, '22:00'),
(33, '22:30'),
(34, '23:00'),
(35, '23:30'),
(36, '00:00'),
(37, '00:30'),
(38, '01:00'),
(39, '01:30'),
(40, '02:00'),
(41, '02:30'),
(42, '03:00'),
(43, '03:30'),
(44, '04:00'),
(45, '04:30'),
(46, '05:00'),
(47, '05:30'),
(99, NULL);

-- --------------------------------------------------------

--
-- Struktur dari tabel `treatment`
--

CREATE TABLE IF NOT EXISTS `treatment` (
`id` int(11) NOT NULL,
  `id_patient` int(255) NOT NULL,
  `date` date NOT NULL,
  `treatment` text,
  `diagnosis` text NOT NULL
) ENGINE=MyISAM  DEFAULT CHARSET=latin1 AUTO_INCREMENT=616 ;

--
-- Dumping data untuk tabel `treatment`
--

INSERT INTO `treatment` (`id`, `id_patient`, `date`, `treatment`, `diagnosis`) VALUES
(1, 8, '2014-09-25', 'Yuhu', ''),
(2, 17, '2014-09-29', 'makakakakakaka', ''),
(3, 18, '2014-09-29', 'Jajajajdgdhdjaha', ''),
(4, 18, '2014-09-30', 'Nsnababa', ''),
(74, 45, '2014-11-06', 'Dididi', 'Djdjdj\n'),
(10, 29, '2014-10-01', 'Hgggg', ''),
(77, 202, '2014-11-08', 'Twin block kelas 2, grinding plat RB', 'Maloklusi kelas 2'),
(12, 31, '2014-10-01', 'Pulp irrev', ''),
(73, 166, '2014-11-05', '', 'kesakitan'),
(16, 11, '2014-10-06', 'tes', ''),
(18, 34, '2014-10-06', 'Ortho', ''),
(21, 34, '2014-10-09', 'Jgfgih', ''),
(72, 166, '2014-11-04', 'pengisian\nglass ionomer\nx ray', ''),
(23, 38, '2014-10-10', 'Mhhjkgu', ''),
(24, 38, '2014-10-10', 'Mhhjkgu', ''),
(25, 34, '2014-10-14', 'Dhfgffhh', ''),
(26, 39, '2014-10-22', 'Endo', 'Blablabla'),
(27, 78, '2014-10-24', 'Operasi', ''),
(28, 81, '2014-10-24', 'Pasang pin', ''),
(29, 94, '2014-10-24', 'Insertie', ''),
(30, 67, '2014-10-24', 'Insertie', ''),
(31, 83, '2014-10-24', 'Filling', ''),
(32, 82, '2014-10-24', 'Cetak prostho', ''),
(33, 86, '2014-10-24', 'Filling', ''),
(34, 80, '2014-10-24', 'Filling', ''),
(612, 7, '2015-02-17', '', ''),
(39, 34, '2014-10-25', '', ''),
(40, 34, '2014-10-26', 'Ggg', 'Vgv'),
(71, 148, '2014-11-04', '', ''),
(42, 95, '2014-10-26', 'eeee', 'eeee'),
(43, 34, '2014-10-27', 'H', 'H'),
(44, 97, '2014-10-27', '', ''),
(45, 98, '2014-10-27', '', ''),
(46, 63, '2014-10-27', '', ''),
(47, 99, '2014-10-27', '', ''),
(48, 73, '2014-10-27', '', ''),
(49, 100, '2014-10-27', '', ''),
(50, 91, '2014-10-27', '', ''),
(51, 101, '2014-10-27', '', ''),
(52, 102, '2014-10-27', '', ''),
(53, 60, '2014-10-28', '', ''),
(54, 34, '2014-10-28', 'Endo', ''),
(55, 39, '2014-10-29', 'Ortho', 'xcxcxcxcxcx'),
(613, 0, '0000-00-00', NULL, ''),
(57, 108, '2014-10-29', '', ''),
(58, 69, '2014-10-29', '', ''),
(59, 70, '2014-10-29', '', ''),
(60, 128, '2014-10-30', 'swsws', 'ss'),
(61, 54, '2014-10-31', '', ''),
(62, 135, '2014-11-01', 'Xhxhdhx', 'Hxhx'),
(65, 170, '2014-11-04', '', ''),
(66, 170, '2014-11-04', '', ''),
(67, 170, '2014-11-04', '', ''),
(68, 171, '2014-11-04', '', ''),
(69, 176, '2014-11-06', '', 'tanya ada keluhan Atau tidak waktu ng recall'),
(70, 165, '2014-11-04', 'tambalan composite', ''),
(76, 199, '2014-11-07', 'Pro EXO : GR 11, 21, 22, 36, 37, 46, 47\nGP 12, 17, 23, 24\nPro Vertex : 13 Unit', 'GR 11, 21, 22, 36, 37, 46, 47\nGP 12, 17, 23, 24\n'),
(78, 172, '2014-11-10', '', 'Kesakitan'),
(79, 211, '2014-11-10', '', 'Tambalan copot'),
(80, 210, '2014-11-10', '', 'Giginy patah'),
(81, 212, '2014-11-10', 'Kontrol', 'Maloklusi'),
(82, 213, '2014-11-10', 'Kontrol', 'Maloklusi'),
(83, 214, '2014-11-10', 'Kontrol', 'Maloklusi'),
(84, 222, '2014-11-10', 'rc treatment 35', 'pulpitis ireversibel'),
(85, 224, '2014-11-10', 'rc treatment 47', 'nekrosis pulpa 47'),
(86, 238, '2014-11-12', '', 'Tambalanny copot'),
(87, 224, '2014-11-14', 'rc treatment 47', 'nekrosis pulpa'),
(88, 245, '2014-11-14', 'Scalling ra + rb\nglass ionomer', ''),
(89, 232, '2014-11-13', 'Scalling All', ''),
(90, 246, '2014-11-14', 'Scalling ra+ rb\ntambalan composite\n', ''),
(91, 157, '2014-11-13', 'Pengisian 3 akar\nx-ray', ''),
(92, 153, '2014-11-13', 'Pulp capping\nBase SGI', ''),
(93, 241, '2014-11-13', 'Diganti dengan istri pak djoni ( bu jenny ) cetak alginate', ''),
(94, 180, '2014-11-13', 'Reaming 2', ''),
(95, 231, '2014-11-12', 'Pengisian anterior 2', ''),
(96, 239, '2014-11-12', 'Reaming\nDressing', ''),
(97, 172, '2014-11-12', 'Kontrol', ''),
(98, 230, '2014-11-12', 'Pengisian 2 akar\nTambalan composite\nSGI', ''),
(99, 176, '2014-11-11', 'Tambalan composite', ''),
(100, 178, '2014-11-11', 'Reaming\nX-ray', ''),
(101, 218, '2014-11-11', 'Debonding\nCetak alginate 2', ''),
(102, 210, '2014-11-11', 'Build up-core pin', ''),
(103, 242, '2014-11-14', 'rc treatment 26', 'nekrosis pulpa'),
(104, 243, '2014-11-14', 'rc treatment 34', 'nekrosis pulpa '),
(105, 158, '2014-11-14', 'Tambalan composite 2', ''),
(106, 151, '2014-11-14', 'Reaming', ''),
(107, 211, '2014-11-14', 'Pengisian 2 akar\nbase composite', ''),
(108, 238, '2014-11-14', 'SGI', ''),
(109, 239, '2014-11-15', 'Tambalan composite B\npengisian 1 akar', ''),
(110, 248, '2014-11-15', 'Kontrol', ''),
(111, 248, '2014-11-15', 'Kontrol', ''),
(112, 209, '2014-11-15', 'SGI', ''),
(113, 249, '2014-11-15', 'Tambalan composite', ''),
(114, 208, '2014-11-17', 'Spooling', ''),
(115, 173, '2014-11-17', 'One visit endodontik gigi anterior\nBase SGI\nDressing', ''),
(116, 150, '2014-11-17', 'Dressing\nBuka cavum', ''),
(117, 148, '2014-11-17', 'Kontrol', ''),
(118, 241, '2014-11-18', 'Pengukuran cetak ulang', ''),
(119, 257, '2014-11-18', 'Tambalan composite', ''),
(120, 178, '2014-11-18', 'dressing', ''),
(121, 210, '2014-11-18', 'Kontrol', ''),
(122, 259, '2014-11-18', 'SGI', ''),
(123, 219, '2014-11-18', 'Ekstraksi gigi 8', ''),
(124, 258, '2014-11-18', 'Re-treatment 2\nReaming 2\nDressing 2\nX-Ray', ''),
(125, 265, '2014-11-19', 'Kontrol', ''),
(126, 269, '2014-11-19', 'Konsultasi', ''),
(127, 220, '2014-11-19', 'Pengisian 3 akar\nBase SGI\nX-ray', ''),
(128, 266, '2014-11-19', 'Insersi crown \nsementing\n', ''),
(129, 211, '2014-11-19', 'Tambalan composite', ''),
(130, 160, '2014-11-19', 'Kontrol', ''),
(131, 267, '2014-11-19', 'Ekstraksi gigi 28', ''),
(132, 273, '2014-11-19', 'Cetak alginate', ''),
(133, 277, '2014-11-20', 'Kontrol\nX-ray', ''),
(134, 273, '2014-11-20', 'Dental Implant\nTambalan Composite', ''),
(135, 255, '2014-11-20', 'Cetak Alginate\nScalling per rahang', ''),
(136, 272, '2014-11-20', 'Kontrol', ''),
(137, 271, '2014-11-20', 'Reaming\nPengisian 3 akar\nBase SGI\nCetak alginate\nX-ray', ''),
(138, 269, '2014-11-21', 'Konsultasi', ''),
(139, 151, '2014-11-21', 'Kontrol', ''),
(140, 153, '2014-11-21', 'Kontrol', ''),
(141, 276, '2014-11-21', 'Tambalan composite', ''),
(142, 150, '2014-11-21', 'Pengisian 1 akar\nBase SGI\nDressing\nX-ray', ''),
(143, 273, '2014-11-22', 'Kontrol', ''),
(144, 172, '2014-11-22', 'Pengisian 2 saluran Akar', ''),
(145, 278, '2014-11-22', 'Reaming', ''),
(146, 270, '2014-11-22', 'Cetak alginate parsial\nCetak DI', ''),
(147, 240, '2014-11-22', 'Tambalan composite B', ''),
(148, 284, '2014-11-22', 'Ekstirvasi vital\nBuka cavum', ''),
(149, 281, '2014-11-24', 'Buka cavum\nX-ray', ''),
(150, 208, '2014-11-24', 'Pengisian 2 akar', ''),
(151, 285, '2014-11-24', 'Kontrol', ''),
(152, 158, '2014-11-24', 'Kontrol', ''),
(153, 162, '2014-11-24', 'Pengisian 1 akar\nX-ray', ''),
(154, 0, '2014-11-25', 'Reaming 2\nX-ray', ''),
(155, 289, '2014-11-25', 'Reaming 2\nX-ray', ''),
(156, 287, '2014-11-25', 'Tambalan composite', ''),
(157, 259, '2014-11-25', 'Reaming 3', ''),
(158, 258, '2014-11-25', 'Pengisian anterior 2', ''),
(159, 160, '2014-11-25', 'Kontrol', ''),
(160, 286, '2014-11-25', 'Kontrol', ''),
(161, 266, '2014-11-26', 'Kontrol', ''),
(162, 178, '2014-11-26', 'Kontrol', ''),
(163, 294, '2014-11-26', 'Ekstraksi gigi', ''),
(164, 219, '2014-11-26', 'Kontrol', ''),
(165, 290, '2014-11-26', 'Pulp capping', ''),
(166, 296, '2014-11-27', 'Kontrol', ''),
(167, 281, '2014-11-27', 'Reaming 3\nDressing', ''),
(168, 295, '2014-11-27', 'Scalling', ''),
(169, 305, '2014-11-27', 'Tambalan composite\nSementing', ''),
(170, 297, '2014-11-27', 'Konsultasi', ''),
(171, 306, '2014-11-28', 'Cetak alginate 2', ''),
(172, 271, '2014-11-28', 'Inlay composite\nX-ray', ''),
(173, 307, '2014-11-28', 'Tambalan composite', ''),
(174, 297, '2014-11-28', 'One visit endodontik gigi anterior\nTambalan composite\nx-ray', ''),
(175, 314, '2014-12-01', 'SGI', ''),
(176, 173, '2014-12-01', 'Pengisian 1 akar', ''),
(177, 160, '2014-12-02', 'Kontrol', ''),
(178, 166, '2014-12-02', 'Tambalan composite\nX-ray', ''),
(179, 289, '2014-12-02', 'Tambalan composite', ''),
(180, 259, '2014-12-02', 'Dressing', ''),
(181, 305, '2014-12-03', 'Kontrol', ''),
(182, 328, '2014-12-03', 'Tambalan composite B\n', ''),
(183, 211, '2014-12-03', 'X-ray', ''),
(184, 270, '2014-12-03', 'Inlay metal via lab', ''),
(185, 281, '2014-12-04', 'Pengisian 3 saluran akar\nx-ray', ''),
(186, 341, '2014-12-06', 'SGI', ''),
(187, 284, '2014-12-06', 'Reaming\nX-ray\nPengisian Anterior', ''),
(188, 340, '2014-12-06', 'Dental Implant', ''),
(189, 314, '2014-12-05', 'Buka cavum', ''),
(190, 289, '2014-12-05', 'Pengisian anterior\nbase composite\nx-ray', ''),
(191, 329, '2014-12-04', 'Tambalan composite', ''),
(192, 178, '2014-12-09', 'Pengisian 3 saluran akar\nX-ray', ''),
(193, 315, '2014-12-08', 'Reaming\nX-ray', ''),
(194, 283, '2014-12-08', 'X-ray 2', ''),
(195, 316, '2014-12-08', 'SGI', ''),
(196, 342, '2014-12-09', 'SGI', ''),
(197, 218, '2014-12-09', 'Retainer Ra + Rb', ''),
(198, 32, '2014-12-09', 'Dyzg', ''),
(199, 353, '2014-12-09', '', ''),
(200, 225, '2014-12-10', 'Konsultasi', ''),
(201, 171, '2014-12-10', 'Hdhdg', ''),
(202, 103, '2014-12-10', '', 'Konsul protesa'),
(203, 171, '2014-12-10', '', ''),
(204, 330, '2014-12-11', '', ''),
(205, 85, '2014-12-11', 'Insertie', ''),
(206, 355, '2014-12-10', '', ''),
(207, 338, '2014-12-10', '', ''),
(208, 311, '2014-12-10', '', ''),
(209, 356, '2014-12-10', '', ''),
(210, 323, '2014-12-10', 'Tambal', ''),
(211, 112, '2014-12-10', 'Tambal', ''),
(212, 345, '2014-12-10', 'Konsultasi', ''),
(213, 349, '2014-12-10', 'Pengisian 3 saluran akar', ''),
(214, 160, '2014-12-12', 'Kontrol', ''),
(215, 297, '2014-12-12', 'Cetak alginate\ncetak DI\njacket crown all porcelain', ''),
(216, 328, '2014-12-11', 'Buka cavum\nreaming 2\nx-ray', ''),
(217, 266, '2014-12-12', 'Kontrol', ''),
(218, 209, '2014-12-12', 'Kontrol', ''),
(219, 322, '2014-12-12', 'Tambalan composite\nsementing', ''),
(220, 365, '2014-12-13', 'Dgh', 'Tvb'),
(221, 340, '2014-12-13', 'Kontrol', ''),
(222, 305, '2014-12-13', 'Kontrol', ''),
(223, 153, '2014-12-13', 'Tambalan composite\nX-ray', ''),
(224, 361, '2014-12-15', '', 'Abses'),
(225, 238, '2014-12-15', 'Kontrol', ''),
(226, 173, '2014-12-15', 'Pengisian 1 saluran akar\nBase SGI\nX-ray', ''),
(227, 89, '2014-12-15', 'Endo M 1', 'Radang'),
(228, 37, '2014-12-15', 'Cjfig', 'Ydjdj'),
(229, 371, '2014-12-15', 'Rc treatment', 'Nekrosis pulpa'),
(230, 377, '2014-12-16', '', ''),
(542, 517, '2015-02-06', '', ''),
(232, 378, '2014-12-16', '', ''),
(233, 379, '2014-12-16', '', ''),
(234, 380, '2014-12-16', '', ''),
(235, 119, '2014-12-16', '', ''),
(236, 315, '2014-12-16', 'dressing', ''),
(237, 348, '2014-12-16', 'kontrol', ''),
(238, 329, '2014-12-16', 'tambalan composite', ''),
(239, 150, '2014-12-16', 'reaming', ''),
(240, 381, '2014-12-17', '', ''),
(241, 382, '2014-12-17', '', ''),
(242, 384, '2014-12-17', '', ''),
(243, 385, '2014-12-17', '', ''),
(244, 386, '2014-12-17', '', ''),
(245, 387, '2014-12-17', '', ''),
(246, 235, '2014-12-17', '', ''),
(247, 370, '2014-12-17', '', ''),
(248, 389, '2014-12-17', '', ''),
(249, 270, '2014-12-17', 'Kontrol', ''),
(250, 314, '2014-12-17', 'SGI', ''),
(251, 376, '2014-12-17', 'Pulp capping\nSGI', ''),
(252, 258, '2014-12-17', 'Dressing', ''),
(253, 400, '2014-12-19', '', ''),
(254, 191, '2014-12-19', '', ''),
(255, 395, '2014-12-19', '', ''),
(256, 395, '2014-12-19', '', ''),
(257, 402, '2014-12-19', '', ''),
(258, 402, '2014-12-19', '', ''),
(259, 403, '2014-12-19', '', ''),
(260, 315, '2014-12-18', 'Dressing', ''),
(261, 391, '2014-12-18', 'Buka cavum\nreaming 4\nDressing', ''),
(262, 390, '2014-12-18', 'Tambalan composite', ''),
(263, 163, '2014-12-18', 'Kontrol', ''),
(264, 364, '2014-12-18', 'Splinting\nTambalan composite\nscalling 1 rahang', ''),
(265, 160, '2014-12-19', 'Kontrol', ''),
(266, 364, '2014-12-20', 'Kontrol', ''),
(267, 150, '2014-12-20', 'Dressing', ''),
(268, 397, '2014-12-20', 'Konsultasi', ''),
(269, 398, '2014-12-20', 'Buka cavum\nx-ray\nSGI', ''),
(270, 404, '2014-12-22', 'Reaming 3\npengisian 3 saluran akar\nbase composite', ''),
(271, 328, '2014-12-22', 'Pengisian 1 saluran akar', ''),
(272, 158, '2014-12-22', 'SGI', ''),
(273, 285, '2014-12-22', 'Kontrol', ''),
(274, 406, '2014-12-23', 'Kontrol', ''),
(275, 397, '2014-12-23', 'Pulp capping\ntambalan composite\n', ''),
(276, 266, '2014-12-24', 'Lepasan frame 2 gigi', ''),
(277, 271, '2014-12-24', 'Kontrol', ''),
(278, 148, '2014-12-24', 'Kontrol', ''),
(279, 409, '2014-12-29', 'Scalling all + air flow', ''),
(280, 297, '2014-12-29', 'Dental implant', ''),
(281, 158, '2014-12-29', 'Kontrol', ''),
(282, 364, '2014-12-29', 'Kontrol', ''),
(283, 408, '2014-12-29', 'Ekstraksi gigi 8', ''),
(284, 406, '2014-12-29', 'Reaming', ''),
(285, 255, '2014-12-29', 'Kontrol', ''),
(286, 297, '2014-12-30', 'Dental implant', ''),
(287, 413, '2014-12-30', 'Reaming 2\nDressing', ''),
(288, 412, '2014-12-30', 'Scalling+air flow all', ''),
(289, 0, '2014-12-31', 'SGI anak 2', ''),
(290, 410, '2014-12-31', 'SGI anak 2', ''),
(291, 162, '2014-12-31', 'Kontrol', ''),
(292, 414, '2014-12-31', 'Reaming', ''),
(293, 266, '2014-12-31', 'Insersi frame', ''),
(294, 412, '2015-01-02', '', ''),
(295, 415, '2015-01-02', 'Tambalan Composite 2', ''),
(296, 416, '2015-01-02', 'Reaming', ''),
(450, 509, '2015-01-26', 'SGI', ''),
(298, 391, '2015-01-02', 'Pengisian 4 saluran akar\nSGI', ''),
(299, 297, '2015-01-02', 'Kontrol', ''),
(300, 160, '2015-01-05', 'Kontrol', ''),
(301, 0, '2015-01-05', 'Konsultasi', ''),
(302, 0, '2015-01-05', 'Konsultasi', ''),
(303, 0, '2015-01-05', 'Konsultasi', ''),
(304, 285, '2015-01-05', 'Tambalan Composite', ''),
(305, 211, '2015-01-05', 'Kontrol', ''),
(306, 422, '2015-01-05', 'Konsultasi', ''),
(307, 430, '2015-01-06', '', ''),
(308, 432, '2015-01-06', '', ''),
(309, 433, '2015-01-06', '', ''),
(310, 434, '2015-01-06', '', ''),
(311, 118, '2015-01-06', '', ''),
(312, 436, '2015-01-06', '', ''),
(313, 293, '2015-01-06', '', ''),
(314, 438, '2015-01-06', '', ''),
(315, 423, '2015-01-06', 'Scalling all', ''),
(316, 259, '2015-01-06', 'Pengisian 3 saluran akar\nBase SGI\nX-ray', ''),
(317, 407, '2015-01-06', 'Kontrol', ''),
(318, 403, '2015-01-06', 'Reaming 2\nDressing', ''),
(319, 290, '2015-01-06', 'Tambalan composite', ''),
(320, 421, '2015-01-06', 'Scalling all', ''),
(321, 392, '2015-01-06', 'Kontrol', ''),
(322, 297, '2015-01-07', 'Kontrol', ''),
(323, 328, '2015-01-07', 'Pengisian 2 saluran akar', ''),
(324, 322, '2015-01-07', 'Cetak alginate', ''),
(325, 414, '2015-01-07', 'Reaming', ''),
(326, 445, '2015-01-07', '', ''),
(327, 367, '2015-01-07', '', ''),
(328, 446, '2015-01-07', '', ''),
(329, 447, '2015-01-07', '', ''),
(330, 448, '2015-01-07', '', ''),
(331, 317, '2015-01-07', '', ''),
(332, 158, '2015-01-07', 'Tambalan composite', ''),
(333, 422, '2015-01-07', 'Ekstraksi dengan penyulit', ''),
(334, 440, '2015-01-07', 'Konsultasi', ''),
(335, 294, '2015-01-08', 'Scalling all\ncetak alginate', ''),
(336, 266, '2015-01-08', 'Aktivir rb', ''),
(337, 125, '2015-01-08', '', ''),
(338, 460, '2015-01-08', '', ''),
(339, 345, '2015-01-08', '', ''),
(340, 464, '2015-01-08', '', ''),
(341, 466, '2015-01-08', '', ''),
(342, 416, '2015-01-08', 'Reaming\nX-ray', ''),
(343, 296, '2015-01-08', 'Cetak Alginate\nSementing', ''),
(344, 424, '2015-01-08', 'SGI', ''),
(345, 276, '2015-01-08', 'Tambalan composite', ''),
(614, 0, '0000-00-00', NULL, ''),
(348, 34, '2015-01-09', '', ''),
(349, 37, '2015-01-09', '', ''),
(350, 460, '2015-01-09', '', ''),
(351, 469, '2015-01-09', '', ''),
(352, 345, '2015-01-09', '', ''),
(353, 317, '2015-01-09', '', ''),
(354, 452, '2015-01-09', 'Scalling all', ''),
(355, 457, '2015-01-09', 'Buka cavum\nEkstraksi dengan cyto jax anak\nX-ray', ''),
(356, 405, '2015-01-09', 'Pengisian anterior', ''),
(357, 454, '2015-01-09', 'Tambalan composite\nScslling per rahang', ''),
(358, 425, '2015-01-10', 'Tambalan composite', ''),
(359, 426, '2015-01-10', 'Scalling all', ''),
(360, 158, '2015-01-10', 'Tambalan anterior', ''),
(361, 472, '2015-01-10', 'Cetak DI\ncetak Alginate\nCicilan inlay metal 3', ''),
(362, 279, '2015-01-10', 'Kontrol', ''),
(363, 454, '2015-01-12', 'Ekstraksi gigi 8', ''),
(364, 424, '2015-01-12', 'Dressing', ''),
(365, 480, '2015-01-12', 'Pulp capping', ''),
(366, 358, '2015-01-12', '', ''),
(367, 191, '2015-01-12', '', ''),
(368, 484, '2015-01-12', '', ''),
(369, 485, '2015-01-12', '', ''),
(370, 488, '2015-01-12', '', ''),
(371, 489, '2015-01-12', '', ''),
(372, 490, '2015-01-12', '', ''),
(373, 406, '2015-01-12', 'Reaming', ''),
(374, 282, '2015-01-12', 'Tambalan composite', ''),
(375, 481, '2015-01-12', 'Scalling 1 rahang', ''),
(376, 50, '2015-01-13', '', ''),
(377, 469, '2015-01-13', '', ''),
(378, 492, '2015-01-13', '', ''),
(379, 320, '2015-01-13', '', ''),
(380, 493, '2015-01-13', '', ''),
(381, 146, '2015-01-13', '', ''),
(382, 49, '2015-01-13', '', ''),
(383, 414, '2015-01-13', 'Reaming', ''),
(384, 289, '2015-01-13', 'Kontrol', ''),
(385, 453, '2015-01-13', 'SGI Anak', ''),
(386, 440, '2015-01-13', 'Ekstraksi gigi\nHecting', ''),
(387, 335, '2015-01-14', '', ''),
(388, 498, '2015-01-14', '', ''),
(389, 499, '2015-01-14', '', ''),
(390, 87, '2015-01-14', '', ''),
(391, 215, '2015-01-14', '', ''),
(392, 491, '2015-01-14', 'Buka Cavum\nReaming', ''),
(393, 296, '2015-01-14', 'Partial denture pergigi', ''),
(394, 454, '2015-01-14', 'Ekstraksi Gigi', ''),
(395, 473, '2015-01-15', 'SGI 2\nScalling 1 rahang\nX-ray', ''),
(396, 416, '2015-01-15', 'Reaming\nDressing', ''),
(397, 496, '2015-01-15', 'SGI', ''),
(398, 501, '2015-01-15', 'Konsultasi', ''),
(399, 472, '2015-01-15', 'Cicilan inlay logam 3', ''),
(400, 474, '2015-01-14', 'Pemeriksaan dan pengobatan', ''),
(401, 403, '2015-01-16', 'Pengisian 2 saluran akar\nBase SGI\nX-ray', ''),
(402, 0, '2015-01-16', 'Pengisian Anterior\nTambalan Composite', ''),
(403, 0, '2015-01-16', 'Pengisian Anterior\nTambalan Composite', ''),
(404, 275, '2015-01-16', 'SGI', ''),
(405, 209, '2015-01-16', 'Kontrol', ''),
(406, 497, '2015-01-17', 'Ekstraksi gigi 8', ''),
(407, 481, '2015-01-17', 'Ekstraksi gigi\nHecting', ''),
(408, 509, '2015-01-19', 'Scalling + air flow all', ''),
(409, 87, '2015-01-19', '', ''),
(410, 87, '2015-01-19', '', ''),
(411, 414, '2015-01-19', 'Pengisian 3 saluran akar\nTambalan Composite', ''),
(412, 276, '2015-01-19', 'Scalling All', ''),
(413, 219, '2015-01-19', 'SGI', ''),
(414, 510, '2015-01-20', 'Sementing', ''),
(415, 511, '2015-01-20', 'Tambalan Composite', ''),
(416, 503, '2015-01-20', '', ''),
(417, 158, '2015-01-20', 'Tambalan Composite', ''),
(418, 440, '2015-01-20', 'Tambalan Composite', ''),
(419, 475, '2015-01-20', 'Kontrol', ''),
(420, 304, '2015-01-22', '', ''),
(421, 518, '2015-01-22', '', ''),
(422, 533, '2015-01-22', '', ''),
(423, 431, '2015-01-22', '', ''),
(424, 534, '2015-01-22', '', ''),
(425, 514, '2015-01-21', 'Kontrol', ''),
(426, 519, '2015-01-21', 'Kontrol', ''),
(427, 392, '2015-01-21', 'Buka Cavum 2\nBongkar Crown 2', ''),
(428, 411, '2015-01-22', 'Tambalan composite\nBuka cavum', ''),
(429, 528, '2015-01-22', 'Cetak DI\nInlay porcelain', ''),
(430, 163, '2015-01-22', 'Ekstraksi Gigi', ''),
(431, 422, '2015-01-22', 'Kontrol', ''),
(432, 540, '2015-01-23', '', ''),
(433, 541, '2015-01-23', '', ''),
(434, 544, '2015-01-23', '', ''),
(435, 460, '2015-01-23', '', ''),
(436, 430, '2015-01-23', '', ''),
(437, 34, '2015-01-23', 'sdsd', 'sdsd'),
(438, 545, '2015-01-23', '', ''),
(439, 546, '2015-01-23', '', ''),
(440, 548, '2015-01-23', '', ''),
(441, 534, '2015-01-23', '', ''),
(442, 152, '2015-01-23', 'Scalling All', ''),
(443, 529, '2015-01-23', 'Kontrol', ''),
(444, 397, '2015-01-23', 'Kontrol', ''),
(445, 506, '2015-01-23', 'Pengisian 2 saluran akar\nTambalan Composite', ''),
(446, 538, '2015-01-24', 'SGI', ''),
(447, 514, '2015-01-24', 'SGI\nCetak Alginate', ''),
(448, 296, '2015-01-24', 'Kontrol', ''),
(449, 491, '2015-01-24', 'Reaming 2\nDressing', ''),
(451, 424, '2015-01-26', 'Dressing', ''),
(452, 362, '2015-01-26', '', ''),
(453, 551, '2015-01-26', '', ''),
(454, 552, '2015-01-26', '', ''),
(455, 493, '2015-01-26', '', ''),
(456, 87, '2015-01-26', '', ''),
(457, 215, '2015-01-26', '', ''),
(458, 411, '2015-01-26', 'Reaming\nGingivectomy', ''),
(459, 549, '2015-01-26', 'Buka cavum', ''),
(460, 475, '2015-01-26', 'Cetak Alginate\nBase SGI', ''),
(461, 406, '2015-01-26', 'Pengisian 2 saluran akar\nSGI\nX-ray', ''),
(462, 550, '2015-01-26', 'SGI 3', ''),
(463, 516, '2015-01-27', 'Kontrol', ''),
(464, 411, '2015-01-27', 'Pengisian Anterior\nBuild up-core pin', ''),
(465, 322, '2015-01-27', 'Kontrol', ''),
(466, 570, '2015-01-27', '', ''),
(467, 362, '2015-01-27', '', ''),
(468, 503, '2015-01-27', '', ''),
(469, 477, '2015-01-27', '', ''),
(470, 382, '2015-01-27', '', ''),
(471, 82, '2015-01-27', '', ''),
(472, 448, '2015-01-27', '', ''),
(473, 392, '2015-01-27', 'Dressing', ''),
(474, 440, '2015-01-27', 'SGI', ''),
(475, 82, '2015-01-28', '', ''),
(476, 573, '2015-01-28', '', ''),
(477, 573, '2015-01-28', '', ''),
(478, 260, '2015-01-28', '', ''),
(479, 574, '2015-01-28', '', ''),
(480, 99, '2015-01-28', '', ''),
(481, 533, '2015-01-28', '', ''),
(482, 575, '2015-01-28', '', ''),
(483, 575, '2015-01-28', '', ''),
(484, 569, '2015-01-28', '', ''),
(485, 170, '2015-01-28', '', ''),
(486, 115, '2015-01-28', '', ''),
(487, 572, '2015-01-29', 'Scalling 1 rahang', ''),
(488, 34, '2015-01-29', '', ''),
(489, 90, '2015-01-29', '', ''),
(490, 265, '2015-01-29', 'Kontrol', ''),
(491, 528, '2015-01-29', 'Pelunasan inlay porcelain', ''),
(492, 571, '2015-01-29', 'Kontrol', ''),
(493, 511, '2015-01-28', 'Cicilan Crown Pfm 4\nCetak DI\nCetak Alginate', ''),
(494, 399, '2015-01-29', 'Dressing', ''),
(495, 364, '2015-01-29', 'Kontrol', ''),
(496, 157, '2015-01-28', 'Kontrol', ''),
(497, 362, '2015-01-30', '', ''),
(498, 578, '2015-01-30', '', ''),
(499, 582, '2015-01-30', '', ''),
(500, 583, '2015-01-30', '', ''),
(501, 585, '2015-01-30', '', ''),
(502, 586, '2015-01-30', '', ''),
(503, 403, '2015-01-30', 'Tambalan Composite Besar', ''),
(504, 415, '2015-01-30', 'Kontrol', ''),
(505, 481, '2015-01-30', 'Kontrol', ''),
(506, 258, '2015-01-30', 'Pengisian Anterior', ''),
(507, 491, '2015-01-30', 'Pengisian 3 saluran akar\nSGI', ''),
(508, 549, '2015-01-31', 'Reaming 3\nDressing', ''),
(509, 90, '2015-01-31', '', ''),
(615, 0, '0000-00-00', NULL, ''),
(511, 473, '2015-02-02', 'Kontrol', ''),
(512, 404, '2015-02-02', '', ''),
(513, 424, '2015-02-02', 'SGI', ''),
(514, 475, '2015-02-02', 'Tambalan Composite', ''),
(515, 322, '2015-02-03', 'Kontrol', ''),
(516, 241, '2015-02-02', 'Kontrol', ''),
(517, 364, '2015-02-02', 'Kontrol', ''),
(518, 445, '2015-02-03', '', ''),
(519, 221, '2015-02-03', '', ''),
(520, 317, '2015-02-03', '', ''),
(521, 113, '2015-02-03', '', ''),
(522, 51, '2015-02-03', '', ''),
(523, 606, '2015-02-03', '', ''),
(524, 383, '2015-02-03', '', ''),
(525, 273, '2015-02-03', 'Cetak Alginate', ''),
(526, 588, '2015-02-03', 'Scalling All', ''),
(527, 552, '2015-02-04', '', ''),
(528, 514, '2015-02-04', 'Cetak Alginate', ''),
(529, 611, '2015-02-04', '', ''),
(530, 358, '2015-02-04', '', ''),
(531, 612, '2015-02-04', '', ''),
(532, 503, '2015-02-04', '', ''),
(533, 614, '2015-02-04', '', ''),
(534, 383, '2015-02-04', 'Komposit kls 2 distal 36', ''),
(535, 583, '2015-02-04', 'Open bor, ERF s/d F1', ''),
(536, 34, '2015-02-04', 'Jdhdh', ''),
(537, 133, '2015-02-04', 'Ekstirpasi, cresophen + TS', 'Pulp irrev'),
(538, 34, '2015-02-05', 'Ddf', ''),
(539, 251, '2015-02-02', 'Komposit gigi 26', ''),
(540, 317, '2015-02-05', '', ''),
(541, 362, '2015-02-05', '', ''),
(543, 620, '2015-02-06', '', ''),
(544, 621, '2015-02-06', '', ''),
(545, 622, '2015-02-06', '', ''),
(546, 291, '2015-02-06', '', ''),
(547, 623, '2015-02-06', '', ''),
(548, 603, '2015-02-04', 'Kontrol', ''),
(549, 600, '2015-02-04', 'Kontrol', ''),
(550, 601, '2015-02-04', 'Kontrol', ''),
(551, 416, '2015-02-05', 'Dressing', ''),
(552, 616, '2015-02-06', 'Cetak Alginate\nInlay Composite', ''),
(553, 617, '2015-02-06', 'Ekstraksi Gigi Dengan Cyto jax anak', ''),
(554, 158, '2015-02-07', 'Kontrol', ''),
(555, 398, '2015-02-07', 'Tambalan Composite', ''),
(556, 150, '2015-02-07', 'Base SGI\nPengisian 1 Saluran Akar', ''),
(557, 413, '2015-02-07', 'Pengisian 3 Saluran Akar\nReaming', ''),
(558, 576, '2015-02-07', 'Kontrol', ''),
(559, 624, '2015-02-09', 'Buka cavum', ''),
(560, 424, '2015-02-09', 'Scalling All\nCetak alginate', ''),
(561, 405, '2015-02-09', 'Tambalan Composite\nX-ray', ''),
(562, 625, '2015-02-09', 'Konsultasi\nX-ray', ''),
(563, 637, '2015-02-10', '', ''),
(564, 49, '2015-02-10', '', ''),
(565, 638, '2015-02-10', '', ''),
(566, 260, '2015-02-10', '', ''),
(567, 123, '2015-02-10', '', ''),
(568, 82, '2015-02-10', '', ''),
(569, 259, '2015-02-10', 'Cetak Alginate', ''),
(570, 528, '2015-02-10', 'Kontrol', ''),
(571, 615, '2015-02-10', 'Crown implant\ncetak DI\ncetak alginate', ''),
(572, 411, '2015-02-10', 'Reaming 2', ''),
(573, 515, '2015-02-10', 'Tambalan Composite', ''),
(574, 236, '2015-02-11', '', ''),
(575, 304, '2015-02-11', '', ''),
(576, 641, '2015-02-11', '', ''),
(577, 375, '2015-02-11', '', ''),
(578, 82, '2015-02-11', '', ''),
(579, 642, '2015-02-11', '', ''),
(580, 626, '2015-02-11', 'Tambalan composite', ''),
(581, 618, '2015-02-11', 'Reaming\n', ''),
(582, 163, '2015-02-11', 'Scalling per rahang', ''),
(583, 625, '2015-02-11', 'Ekstraksi gigi\nhecting\n', ''),
(584, 643, '2015-02-12', 'Scalling 1 Rahang\nX-ray', ''),
(585, 289, '2015-02-12', 'Kontrol', ''),
(586, 500, '2015-02-12', '', ''),
(587, 655, '2015-02-12', '', ''),
(588, 616, '2015-02-12', 'Insersi inlay', ''),
(589, 644, '2015-02-12', 'Tambalan composite\n', ''),
(590, 644, '2015-02-12', 'Tambalan Composite', ''),
(591, 241, '2015-02-13', 'Kontrol', ''),
(592, 648, '2015-02-13', 'X-ray', ''),
(593, 399, '2015-02-13', 'Dressing', ''),
(594, 647, '2015-02-13', 'SGI', ''),
(595, 549, '2015-02-14', 'Pengisian 3 saluran akar\nBase SGI', ''),
(596, 656, '2015-02-14', 'Ekstraksi gigi\nHecting', '');

--
-- Indexes for dumped tables
--

--
-- Indexes for table `admin`
--
ALTER TABLE `admin`
 ADD PRIMARY KEY (`id`);

--
-- Indexes for table `appointment_status`
--
ALTER TABLE `appointment_status`
 ADD PRIMARY KEY (`id`);

--
-- Indexes for table `doctor`
--
ALTER TABLE `doctor`
 ADD PRIMARY KEY (`id`);

--
-- Indexes for table `doctor_available_schedule`
--
ALTER TABLE `doctor_available_schedule`
 ADD PRIMARY KEY (`id`);

--
-- Indexes for table `patient`
--
ALTER TABLE `patient`
 ADD PRIMARY KEY (`id`,`id_doctor`);

--
-- Indexes for table `recall_time`
--
ALTER TABLE `recall_time`
 ADD PRIMARY KEY (`id`);

--
-- Indexes for table `schedule`
--
ALTER TABLE `schedule`
 ADD PRIMARY KEY (`id`);

--
-- Indexes for table `treatment`
--
ALTER TABLE `treatment`
 ADD PRIMARY KEY (`id`,`id_patient`,`date`);

--
-- AUTO_INCREMENT for dumped tables
--

--
-- AUTO_INCREMENT for table `appointment_status`
--
ALTER TABLE `appointment_status`
MODIFY `id` int(11) NOT NULL AUTO_INCREMENT,AUTO_INCREMENT=1806;
--
-- AUTO_INCREMENT for table `doctor`
--
ALTER TABLE `doctor`
MODIFY `id` int(11) NOT NULL AUTO_INCREMENT,AUTO_INCREMENT=26;
--
-- AUTO_INCREMENT for table `patient`
--
ALTER TABLE `patient`
MODIFY `id` int(11) NOT NULL AUTO_INCREMENT,AUTO_INCREMENT=662;
--
-- AUTO_INCREMENT for table `recall_time`
--
ALTER TABLE `recall_time`
MODIFY `id` int(11) NOT NULL AUTO_INCREMENT,AUTO_INCREMENT=522;
--
-- AUTO_INCREMENT for table `schedule`
--
ALTER TABLE `schedule`
MODIFY `id` int(11) NOT NULL AUTO_INCREMENT,AUTO_INCREMENT=1806;
--
-- AUTO_INCREMENT for table `treatment`
--
ALTER TABLE `treatment`
MODIFY `id` int(11) NOT NULL AUTO_INCREMENT,AUTO_INCREMENT=616;
/*!40101 SET CHARACTER_SET_CLIENT=@OLD_CHARACTER_SET_CLIENT */;
/*!40101 SET CHARACTER_SET_RESULTS=@OLD_CHARACTER_SET_RESULTS */;
/*!40101 SET COLLATION_CONNECTION=@OLD_COLLATION_CONNECTION */;
